,location,total_cases,new_cases,new_cases_smoothed,total_deaths,new_deaths,new_deaths_smoothed,total_cases_per_million,new_cases_per_million,new_cases_smoothed_per_million,total_deaths_per_million,new_deaths_per_million,new_deaths_smoothed_per_million,reproduction_rate,icu_patients,icu_patients_per_million,hosp_patients,hosp_patients_per_million,new_tests,total_tests,total_tests_per_thousand,new_tests_per_thousand,new_tests_smoothed,new_tests_smoothed_per_thousand,positive_rate,tests_per_case,tests_units,total_vaccinations,people_vaccinated,people_fully_vaccinated,total_boosters,new_vaccinations,new_vaccinations_smoothed,total_vaccinations_per_hundred,people_vaccinated_per_hundred,people_fully_vaccinated_per_hundred,total_boosters_per_hundred,new_vaccinations_smoothed_per_million,stringency_index,population,population_density,median_age,aged_65_older,aged_70_older,gdp_per_capita,extreme_poverty,cardiovasc_death_rate,diabetes_prevalence,female_smokers,male_smokers,handwashing_facilities,hospital_beds_per_thousand,life_expectancy,human_development_index
554,Afghanistan,153220.0,72.0,80.0,7118.0,2.0,5.0,3846.325,1.807,2.008,178.685,0.05,0.126,0.63,,,,,,,,,,,,,,1979652.0,773002.0,,,,70761.0,4.97,1.94,,,1776.0,,39835428.0,54.422,18.6,2.581,1.337,1803.987,,597.029,9.59,,,37.746,0.5,64.83,0.511
1126,Africa,7790394.0,22708.0,29072.286,196278.0,779.0,785.714,5671.985,16.533,21.167,142.905,0.567,0.572,,,,,,,,,,,,,,,103848842.0,68875046.0,38421883.0,,1392862.0,1486847.0,7.56,5.01,2.8,,1083.0,,1373486472.0,,,,,,,,,,,,,,
1686,Albania,146387.0,1054.0,838.0,2498.0,3.0,2.571,50953.833,366.872,291.688,869.494,1.044,0.895,1.28,,,,,,,,,,,,,,1472316.0,830396.0,641920.0,,14268.0,10847.0,51.25,28.9,22.34,,3776.0,,2872934.0,104.871,38.0,13.188,8.643,11803.431,1.1,304.195,10.08,7.1,51.2,,2.89,78.57,0.795
2246,Algeria,196080.0,506.0,493.429,5269.0,29.0,29.429,4394.774,11.341,11.059,118.095,0.65,0.66,0.79,35.0,0.784,,,,,,,,,,,,,,,,,256927.0,,,,,5759.0,,44616626.0,17.348,29.1,6.211,3.857,13913.839,0.5,278.364,6.73,0.7,30.4,83.741,1.9,76.88,0.748
2800,Andorra,15033.0,1.0,4.286,130.0,,,194340.306,12.928,55.404,1680.585,,,0.71,,,,,,,,,,,,,,,,,,,,,,,,,,77354.0,163.755,,,,,,109.135,7.97,29.0,37.8,,,83.73,0.868
3336,Angola,47544.0,213.0,172.0,1217.0,7.0,7.286,1401.089,6.277,5.069,35.864,0.206,0.215,1.08,,,,,,,,,,,,,,,,,,,32470.0,,,,,957.0,,33933611.0,23.89,16.8,2.405,1.362,5819.495,,276.045,3.94,,,26.664,,61.15,0.581
3551,Anguilla,,,,,,,,,,,,,,,,,,,,,,,,,,,,,,,,1.0,,,,,66.0,,15125.0,,,,,,,,,,,,,81.88,
4091,Antigua and Barbuda,1715.0,2.0,25.0,44.0,,0.143,17370.959,20.258,253.221,445.669,,1.447,1.3,,,,,,,,,,,,,,75069.0,41061.0,34008.0,,432.0,310.0,76.04,41.59,34.45,,3140.0,,98728.0,231.845,32.1,6.933,4.631,21490.943,,191.511,13.17,,,,3.8,77.02,0.778
4706,Argentina,5185620.0,6731.0,5362.143,111812.0,205.0,143.714,113705.217,147.591,117.576,2451.704,4.495,3.151,0.76,,,,,,,,,,,,,,42260571.0,27873340.0,14387231.0,,330033.0,393247.0,92.66,61.12,31.55,,8623.0,75.93,45605823.0,16.177,31.9,11.198,7.441,18933.907,0.6,191.032,5.5,16.2,27.7,,5.0,76.67,0.845
5261,Armenia,242135.0,524.0,530.429,4844.0,14.0,10.857,81578.355,176.542,178.708,1632.005,4.717,3.658,1.1,,,,,5666.0,1540436.0,518.992,1.909,6395.0,2.155,0.083,12.1,tests performed,,,,,,4803.0,,,,,1618.0,,2968128.0,102.931,35.7,11.232,7.571,8787.58,1.8,341.01,7.11,1.5,52.1,94.043,4.2,75.09,0.776
5423,Aruba,,,,,,,,,,,,,,,,,,,,,,,,,,,148225.0,78669.0,69556.0,,572.0,247.0,138.28,73.39,64.89,,2304.0,43.52,107195.0,584.8,41.2,13.085,7.452,35973.781,,,11.62,,,,,76.29,
6017,Asia,70105232.0,236777.0,257345.714,1037913.0,3038.0,3939.429,14980.837,50.597,54.992,221.792,0.649,0.842,,,,,,,,,,,,,,,3542621664.0,2078454573.0,1343962042.0,12285586.0,30495460.0,30873286.0,75.7,44.41,28.72,0.26,6597.0,,4679660580.0,,,,,,,,,,,,,,
6607,Australia,55093.0,1225.0,1195.429,1012.0,6.0,3.714,2136.363,47.502,46.356,39.243,0.233,0.144,1.39,,,,,210646.0,31561341.0,1223.867,8.168,213743.0,8.288,0.006,178.8,tests performed,19362666.0,12192256.0,7170410.0,,276925.0,274581.0,75.08,47.28,27.8,,10648.0,,25788217.0,3.202,37.9,15.504,10.129,44648.71,0.5,107.791,5.07,13.0,16.5,,3.84,83.44,0.944
7167,Austria,688305.0,1229.0,1385.714,10772.0,-10.0,0.571,76114.068,135.905,153.235,1191.188,-1.106,0.063,1.18,,,,,331116.0,76575848.0,8467.902,36.615,311596.0,34.457,0.004,224.9,tests performed,10462919.0,5508966.0,5210007.0,,16799.0,13008.0,115.7,60.92,57.61,,1438.0,58.8,9043072.0,106.749,44.4,19.202,13.748,45436.686,0.7,145.183,6.35,28.4,30.9,,7.37,81.54,0.922
7722,Azerbaijan,424891.0,3788.0,3836.714,5636.0,44.0,38.0,41560.863,370.525,375.29,551.287,4.304,3.717,1.07,,,,,19693.0,4461937.0,436.446,1.926,14239.0,1.393,0.269,3.7,tests performed,6805740.0,4113716.0,2692024.0,,116709.0,79438.0,66.57,40.24,26.33,,7770.0,58.33,10223344.0,119.309,32.4,6.018,3.871,15847.419,,559.812,7.11,0.3,42.5,83.241,4.7,73.0,0.756
8262,Bahamas,18139.0,,84.857,354.0,,2.286,45700.076,,213.792,891.881,,5.759,1.19,,,,,,,,,,,,,,,,,,,2598.0,,,,,6545.0,,396914.0,39.497,34.3,8.996,5.2,27717.847,,235.954,13.17,3.1,20.4,,2.9,73.92,0.814
8823,Bahrain,272540.0,87.0,105.286,1388.0,,0.143,155889.023,49.763,60.222,793.916,,0.082,0.95,,,,,17057.0,5933836.0,3394.07,9.756,17036.0,9.744,0.006,161.8,units unclear,2489109.0,1146939.0,1088446.0,,3645.0,3884.0,142.37,65.6,62.26,,2222.0,39.35,1748295.0,1935.907,32.4,2.372,1.387,43290.705,,151.689,16.52,5.8,37.6,,2.0,77.29,0.852
9376,Bangladesh,1500618.0,3357.0,3950.571,26195.0,86.0,97.429,9023.37,20.186,23.755,157.513,0.517,0.586,0.65,,,,,28097.0,8913764.0,53.599,0.169,30133.0,0.181,0.131,7.6,tests performed,26471819.0,18580195.0,7891624.0,,,390592.0,15.92,11.17,4.75,,2349.0,60.19,166303494.0,1265.036,27.5,5.098,3.262,3523.984,14.8,298.003,8.38,1.0,44.7,34.808,0.8,72.59,0.632
9915,Barbados,5032.0,101.0,48.286,50.0,1.0,0.286,17489.955,351.05,167.829,173.787,3.476,0.993,1.46,,,,,,,,,,,,,,,,,,,1279.0,,,,,4445.0,56.48,287708.0,664.463,39.8,14.952,9.473,16978.068,,170.05,13.57,1.9,14.5,88.469,5.8,79.19,0.814
10472,Belarus,481532.0,1168.0,1433.857,3780.0,12.0,11.286,50994.258,123.691,151.846,400.302,1.271,1.195,1.15,,,,,19825.0,7797000.0,825.703,2.099,16726.0,1.771,0.086,11.7,tests performed,,,,,,,,,,,,,9442867.0,46.858,40.3,14.799,9.788,17167.967,,443.129,5.18,10.5,46.1,,11.0,74.79,0.823
11053,Belgium,1184664.0,1854.0,2064.429,25380.0,6.0,5.429,101842.33,159.383,177.473,2181.849,0.516,0.467,1.09,,,,,49462.0,18739426.0,1610.977,4.252,41421.0,3.561,0.054,18.5,tests performed,16212621.0,8428863.0,8141780.0,,38767.0,33990.0,139.38,72.46,69.99,,2922.0,47.22,11632334.0,375.564,41.8,18.571,12.849,42658.576,0.2,114.898,4.29,25.1,31.4,,5.64,81.63,0.931
11586,Belize,16353.0,133.0,95.714,362.0,3.0,1.0,40386.254,328.464,236.381,894.015,7.409,2.47,1.27,,,,,,,,,,,,,,,,,,,2070.0,,,,,5112.0,,404915.0,16.426,25.0,3.853,2.279,7824.362,,176.957,17.11,,,90.083,1.3,74.62,0.716
12126,Benin,13366.0,,124.857,128.0,,0.143,1073.485,,10.028,10.28,,0.011,0.3,,,,,,,,,,,,,,,,,,,3520.0,,,,,283.0,37.04,12451031.0,99.11,18.8,3.244,1.942,2064.236,49.6,235.848,0.99,0.6,12.3,11.035,0.5,61.77,0.545
12366,Bermuda,,,,,,,,,,,,,,,,,,,,,,,,,,,,,,,,99.0,,,,,1594.0,,62092.0,1308.82,,,,50669.315,,139.547,13.0,,,,,82.59,
12913,Bhutan,2596.0,1.0,0.714,3.0,,,3328.632,1.282,0.916,3.847,,,0.49,,,,,,,,,,,,,,,,,,,,,,,,,,779900.0,21.188,28.6,4.885,2.977,8708.597,1.5,217.066,9.75,,,79.807,1.7,71.78,0.654
13458,Bolivia,490879.0,412.0,451.143,18452.0,23.0,17.429,41484.125,34.818,38.126,1559.376,1.944,1.473,0.87,,,,,6748.0,2288780.0,193.425,0.57,6274.0,0.53,0.072,13.9,tests performed,6019660.0,4014955.0,2766347.0,,,76984.0,50.87,33.93,23.38,,6506.0,44.91,11832936.0,10.202,25.4,6.704,4.393,6885.829,7.1,204.299,6.89,,,25.383,1.1,71.51,0.718
13609,Bonaire Sint Eustatius and Saba,,,,,,,,,,,,,,,,,,,,,,,,,,,,,,,,196.0,,,,,7412.0,,26445.0,,,,,,,,,,,,,77.79,
14155,Bosnia and Herzegovina,213853.0,474.0,487.286,9803.0,11.0,7.571,65529.55,145.245,149.316,3003.868,3.371,2.32,1.5,,,,,2814.0,1141029.0,349.638,0.862,2575.0,0.789,0.189,5.3,tests performed,,,,,,,,,,,,,3263459.0,68.496,42.5,16.569,10.711,11713.895,0.2,329.635,10.08,30.2,47.7,97.164,3.5,77.4,0.78
14681,Botswana,156927.0,,869.286,2261.0,,12.857,65461.531,,362.619,943.168,,5.363,1.17,,,,,,,,,,,,,,,,,,,11749.0,,,,,4901.0,,2397240.0,4.044,25.8,3.941,2.242,15807.374,,237.372,4.81,5.7,34.4,,1.8,69.59,0.735
15240,Brazil,20776870.0,24589.0,23143.429,580413.0,839.0,667.286,97091.153,114.905,108.15,2712.293,3.921,3.118,0.88,,,,,,,,,,,,,,,,,,,1969109.0,,,,,9202.0,,213993441.0,25.04,33.5,8.552,5.06,14103.452,3.4,177.961,8.11,10.1,17.9,,2.2,75.88,0.765
15349,British Virgin Islands,,,,,,,,,,,,,,,,,,,,,,,,,,,,,,,,220.0,,,,,7231.0,,30423.0,207.973,,,,,,,13.67,,,,,79.07,
15893,Brunei,2712.0,71.0,119.857,9.0,1.0,0.857,6142.25,160.804,271.457,20.384,2.265,1.941,1.28,,,,,,,,,,,,,,327825.0,231613.0,96212.0,,,7365.0,74.25,52.46,21.79,,16681.0,79.63,441532.0,81.347,32.4,4.591,2.382,71809.251,,201.285,12.79,2.0,30.9,,2.7,75.86,0.838
16441,Bulgaria,455742.0,2053.0,1520.714,18896.0,56.0,47.286,66081.6,297.681,220.5,2739.879,8.12,6.856,1.16,,,,,,,,,22483.0,3.26,0.068,14.8,tests performed,2312605.0,,1172184.0,,13487.0,10007.0,33.53,,17.0,,1451.0,,6896655.0,65.18,44.7,20.801,13.272,18563.307,1.5,424.688,5.81,30.1,44.4,,7.454,75.05,0.816
16987,Burkina Faso,13777.0,9.0,7.429,171.0,,,640.877,0.419,0.346,7.955,,,1.18,,,,,,,,,,,,,,108799.0,108799.0,13273.0,,,1266.0,0.51,0.51,0.06,,59.0,16.67,21497097.0,70.151,17.6,2.409,1.358,1703.102,43.7,269.048,2.42,1.6,23.9,11.877,0.4,61.58,0.452
17512,Burundi,11994.0,,171.857,38.0,,,978.668,,14.023,3.101,,,1.18,,,,,,,,,,,,,,,,,,,,,,,,,,12255429.0,423.062,17.5,2.562,1.504,702.225,71.7,293.068,6.05,,,6.144,0.8,61.58,0.433
18101,Cambodia,93055.0,439.0,421.143,1903.0,11.0,11.714,5491.122,25.905,24.851,112.295,0.649,0.691,0.92,,,,,,,,,,,,,,19085923.0,10801691.0,8525970.0,616561.0,173289.0,190284.0,112.62,63.74,50.31,3.64,11229.0,,16946446.0,90.672,25.6,4.412,2.385,3645.07,,270.892,4.0,2.0,33.7,66.229,0.8,69.82,0.594
18651,Cameroon,83425.0,,138.714,1350.0,,1.714,3064.362,,5.095,49.588,,0.063,0.17,,,,,,,,,,,,,,,,,,,1296.0,,,,,48.0,25.93,27224262.0,50.885,18.8,3.165,1.919,3364.926,23.8,244.661,7.2,,,2.735,1.3,59.29,0.563
19241,Canada,1507092.0,2935.0,3347.429,26989.0,17.0,20.0,39589.562,77.099,87.933,708.97,0.447,0.525,1.25,452.0,11.874,1290.0,33.887,63438.0,40539628.0,1064.929,1.666,76391.0,2.007,0.044,22.8,tests performed,53343798.0,27928378.0,25415420.0,,86607.0,102491.0,140.13,73.36,66.76,,2692.0,69.91,38067913.0,4.037,41.4,16.984,10.797,44017.591,0.5,105.599,7.37,12.0,16.6,,2.5,82.43,0.929
19777,Cape Verde,35354.0,71.0,75.571,313.0,3.0,1.0,62918.557,126.357,134.492,557.038,5.339,1.78,1.2,,,,,,,,,,,,,tests performed,309001.0,236158.0,72843.0,,,2770.0,54.99,42.03,12.96,,4930.0,,561901.0,135.58,25.7,4.46,3.437,6222.554,,182.219,2.42,2.1,16.5,,2.1,72.98,0.665
20032,Cayman Islands,,,,,,,,,,,,,,,,,,,,,,,,,,,101008.0,51514.0,49494.0,,,121.0,151.9,77.47,74.43,,1820.0,,66498.0,256.496,,,,49903.029,,,13.22,,,,,83.92,
20573,Central African Republic,11296.0,26.0,3.714,100.0,1.0,0.143,2295.941,5.285,0.755,20.325,0.203,0.029,0.09,,,,,,,,,,,,,,,,,,,,,,,,,,4919987.0,7.479,18.3,3.655,2.251,661.24,,435.727,6.1,,,16.603,1.0,53.28,0.397
21110,Chad,4992.0,1.0,0.714,174.0,,,295.123,0.059,0.042,10.287,,,1.09,,,,,,,,,,,,,,,,,,,1561.0,,,,,92.0,,16914985.0,11.833,16.7,2.486,1.446,1768.153,38.4,280.995,6.1,,,5.818,,54.24,0.398
21672,Chile,1638675.0,345.0,557.286,36937.0,14.0,33.714,85292.74,17.957,29.007,1922.564,0.729,1.755,0.83,,,,,26111.0,20035523.0,1042.845,1.359,50251.0,2.616,0.011,90.2,tests performed,29039559.0,14425613.0,13661790.0,1497804.0,202932.0,118894.0,151.15,75.09,71.11,7.8,6188.0,63.43,19212362.0,24.282,35.4,11.087,6.938,22767.037,1.3,127.993,8.46,34.2,41.5,,2.11,80.18,0.851
22266,China,94961.0,19.0,27.286,4636.0,,,65.753,0.013,0.019,3.21,,,0.77,,,,,,,,,,,,,,2067589000.0,,,,11623000.0,13121571.0,143.16,,,,9086.0,,1444216102.0,147.674,38.7,10.641,5.929,15308.712,0.7,261.899,9.74,1.9,48.4,,4.34,76.91,0.761
22816,Colombia,4909086.0,1822.0,2054.857,124945.0,62.0,79.571,95757.446,35.54,40.082,2437.198,1.209,1.552,0.74,,,,,48074.0,24114775.0,470.387,0.938,48286.0,0.942,0.055,18.2,tests performed,35546165.0,23600147.0,14722990.0,,190546.0,226101.0,69.34,46.03,28.72,,4410.0,51.39,51265841.0,44.223,32.2,7.646,4.312,13254.949,4.5,124.24,7.44,4.7,13.5,65.386,1.71,77.29,0.767
23311,Comoros,4068.0,3.0,2.0,147.0,,,4578.73,3.377,2.251,165.456,,,0.81,,,,,,,,,,,,,,,,,,,,,,,,,,888456.0,437.352,20.4,2.963,1.726,1413.89,18.1,261.516,11.88,4.4,23.6,15.574,2.2,64.32,0.554
23852,Congo,13588.0,,13.571,183.0,,0.571,2401.973,,2.399,32.349,,0.101,0.67,,,,,,,,,,,,,,,,,,,,,,,,,35.19,5657017.0,15.405,19.0,3.402,2.063,4881.406,37.0,344.094,7.2,1.7,52.3,47.964,,64.57,0.574
23957,Cook Islands,,,,,,,,,,,,,,,,,,,,,,,,,,,22456.0,11416.0,11040.0,,,46.0,127.79,64.97,62.83,,2618.0,,17572.0,,,,,,,,,,,,,76.25,
24501,Costa Rica,463726.0,2581.0,2293.429,5506.0,14.0,18.286,90235.691,502.233,446.275,1071.404,2.724,3.558,1.19,,,,,,,,,,,,,,,,,,,,,,,,,54.63,5139053.0,96.079,33.6,9.468,5.694,15524.995,1.3,137.973,8.78,6.4,17.4,83.841,1.13,80.28,0.81
25046,Cote d'Ivoire,55669.0,151.0,268.857,441.0,5.0,5.571,2057.728,5.582,9.938,16.301,0.185,0.206,1.21,,,,,3448.0,901623.0,33.327,0.127,4285.0,0.158,0.063,15.9,samples tested,1353553.0,1353553.0,,,26068.0,9382.0,5.0,5.0,,,347.0,22.22,27053629.0,76.399,18.7,2.933,1.582,3601.006,28.2,303.74,2.42,,,19.351,,57.78,0.538
25606,Croatia,373998.0,668.0,527.143,8334.0,3.0,4.0,91628.963,163.659,129.149,2041.818,0.735,0.98,1.3,,,,,9610.0,2543996.0,623.275,2.354,9079.0,2.224,0.058,17.2,people tested,,,,,,6299.0,,,,,1543.0,,4081657.0,73.726,44.0,19.724,13.053,22669.797,0.7,253.782,5.59,34.3,39.9,,5.54,78.49,0.851
26150,Cuba,652855.0,6342.0,7189.857,5303.0,84.0,84.714,57685.453,560.371,635.287,468.566,7.422,7.485,0.86,,,,,,,,,,,,,,14115595.0,5552931.0,3916641.0,,192727.0,180399.0,124.72,49.07,34.61,,15940.0,,11317498.0,110.408,43.1,14.738,9.719,,,190.968,8.27,17.1,53.3,85.198,5.2,78.8,0.783
26312,Curacao,,,,,,,,,,,,,,,,,,,,,,,,,,,182637.0,96118.0,86519.0,,380.0,272.0,110.83,58.33,52.5,,1651.0,,164796.0,362.644,41.7,16.367,10.068,,,,11.62,,,,,78.88,
26859,Cyprus,113875.0,287.0,264.857,503.0,2.0,2.429,128236.891,323.196,298.261,566.438,2.252,2.735,0.84,,,,,50341.0,11650739.0,13120.128,56.69,43016.0,48.441,0.006,162.4,tests performed,,,,,,2530.0,,,,,2849.0,,888005.0,127.657,37.3,13.416,8.563,32415.132,,141.171,9.24,19.6,52.7,,3.4,80.98,0.887
27421,Czechia,1679189.0,245.0,194.286,30404.0,2.0,2.714,156574.265,22.845,18.116,2834.99,0.186,0.253,1.13,,,,,90833.0,,,8.47,79386.0,7.402,0.002,500.0,tests performed,11480189.0,5948434.0,5733175.0,,23593.0,24194.0,107.05,55.47,53.46,,2256.0,,10724553.0,137.176,43.3,19.027,11.58,32605.906,,227.485,6.82,30.5,38.3,,6.63,79.38,0.9
27966,Democratic Republic of Congo,54863.0,,122.0,1059.0,,0.857,593.897,,1.321,11.464,,0.009,0.94,,,,,,,,,,,,,,97818.0,83081.0,14737.0,,,1229.0,0.11,0.09,0.02,,13.0,,92377986.0,35.879,17.0,3.02,1.745,808.133,77.1,318.949,6.1,,,4.472,,60.68,0.48
28549,Denmark,347028.0,845.0,877.286,2586.0,4.0,2.286,59695.505,145.356,150.91,444.842,0.688,0.393,0.85,,,,,64847.0,39900648.0,6863.681,11.155,69379.0,11.935,0.013,79.1,tests performed,8573813.0,4408373.0,4209909.0,,20472.0,20875.0,147.49,75.83,72.42,,3591.0,29.63,5813302.0,136.52,42.3,19.677,12.325,46682.515,0.2,114.767,6.41,19.3,18.8,,2.5,80.9,0.94
29087,Djibouti,11750.0,3.0,7.0,157.0,,,11724.242,2.993,6.985,156.656,,,1.44,,,,,,,,,,,,,,,,,,,328.0,,,,,327.0,,1002197.0,41.285,25.4,4.213,2.38,2705.406,22.5,258.037,6.05,1.7,24.5,,1.4,67.11,0.524
29621,Dominica,1638.0,,42.714,4.0,,0.429,22695.782,,591.84,55.423,,5.938,0.52,,,,,,,,,,,,,,,,,,,92.0,,,,,1275.0,72.22,72172.0,98.567,,,,9673.367,,227.376,11.62,,,,3.8,75.0,0.742
30176,Dominican Republic,350173.0,156.0,274.857,4008.0,1.0,0.857,31968.426,14.242,25.093,365.903,0.091,0.078,1.01,,,,,,1958308.0,178.78,,2861.0,0.261,0.096,10.4,samples tested,11152044.0,5815574.0,4658577.0,677893.0,40496.0,31319.0,101.81,53.09,42.53,6.19,2859.0,51.39,10953714.0,222.873,27.6,6.981,4.419,14600.861,1.6,266.653,8.2,8.5,19.1,55.182,1.6,74.08,0.756
30731,Ecuador,501201.0,,286.429,32244.0,,20.0,28018.097,,16.012,1802.501,,1.118,0.56,,,,,2945.0,1675742.0,93.677,0.165,2304.0,0.129,0.124,8.0,people tested,19512448.0,10699102.0,8813346.0,,,318229.0,109.08,59.81,49.27,,17790.0,65.74,17888474.0,66.939,28.1,7.104,4.458,10581.936,3.6,140.448,5.55,2.0,12.3,80.635,1.5,77.01,0.759
31302,Egypt,288441.0,279.0,243.714,16736.0,9.0,7.571,2766.599,2.676,2.338,160.524,0.086,0.073,1.38,,,,,,,,,,,,,,,,,,,203780.0,,,,,1955.0,,104258327.0,97.999,25.3,5.159,2.891,10550.206,1.3,525.432,17.31,0.2,50.1,89.827,1.6,71.99,0.707
31839,El Salvador,94060.0,,196.286,2918.0,9.0,9.0,14429.7,,30.112,447.649,1.381,1.381,0.93,,,,,,,,,,,,,,6298361.0,3539933.0,2758428.0,,90467.0,72014.0,96.62,54.31,42.32,,11048.0,,6518500.0,307.811,27.6,8.273,5.417,7292.458,2.2,167.295,8.87,2.5,18.8,90.65,1.3,73.32,0.673
32380,Equatorial Guinea,9477.0,151.0,54.429,126.0,2.0,0.429,6536.353,104.146,37.54,86.903,1.379,0.296,1.35,,,,,,,,,586.0,0.404,0.093,10.8,tests performed,,,,,,2059.0,,,,,1420.0,,1449891.0,45.194,22.4,2.846,1.752,22604.873,,202.812,7.78,,,24.64,2.1,58.74,0.592
32915,Eritrea,6642.0,,1.429,38.0,,0.143,1844.251,,0.397,10.551,,0.04,0.73,,,,,,,,,,,,,,,,,,,,,,,,,,3601462.0,44.304,19.3,3.607,2.171,1510.459,,311.11,6.05,0.2,11.4,,0.7,66.32,0.459
33497,Estonia,141956.0,357.0,350.857,1292.0,1.0,1.0,107121.405,269.396,264.76,974.956,0.755,0.755,1.11,,,,,4777.0,1764668.0,1331.636,3.605,4480.0,3.381,0.078,12.8,tests performed,1273304.0,727739.0,545565.0,,5080.0,4211.0,96.08,54.92,41.17,,3178.0,,1325188.0,31.033,42.7,19.452,13.491,29481.252,0.5,255.569,4.02,24.5,39.3,,4.69,78.74,0.892
34039,Eswatini,43371.0,317.0,306.0,1101.0,7.0,9.714,36994.325,270.393,261.01,939.124,5.971,8.286,0.58,,,,,,,,,,,,,,,,,,,,,,,,,62.96,1172369.0,79.492,21.5,3.163,1.845,7738.975,,333.436,3.94,1.7,16.5,24.097,2.1,60.19,0.611
34582,Ethiopia,308134.0,1324.0,1448.143,4675.0,15.0,13.571,2614.047,11.232,12.285,39.66,0.127,0.115,1.06,,,,,8430.0,3239416.0,27.482,0.072,8581.0,0.073,0.169,5.9,tests performed,2451950.0,2451950.0,,,192.0,10613.0,2.08,2.08,,,90.0,43.52,117876226.0,104.957,19.8,3.526,2.063,1729.927,26.7,182.634,7.47,0.4,8.5,7.96,0.3,66.6,0.485
35175,Europe,55717782.0,121740.0,125774.857,1176679.0,1639.0,1506.286,74514.177,162.809,168.205,1573.632,2.192,2.014,,,,,,,,,,,,,,,746648883.0,403587365.0,357696666.0,520306.0,3084572.0,2545494.0,99.85,53.97,47.84,0.07,3404.0,,747747396.0,,,,,,,,,,,,,,
35768,European Union,36404575.0,56950.0,58885.571,754810.0,627.0,467.714,81407.415,127.351,131.679,1687.896,1.402,1.046,,,,,,,,,,,,,,,533300778.0,288806670.0,259519753.0,326447.0,2391871.0,1690444.0,119.26,64.58,58.03,0.07,3780.0,,447189915.0,,,,,,,,,,,,,,
35989,Faeroe Islands,,,,,,,,,,,,,,,,,,,,,,,,,,,71169.0,36711.0,34458.0,,229.0,110.0,145.09,74.84,70.25,,2242.0,13.89,49053.0,35.308,,,,,,,,,,,,80.67,
36642,Fiji,46716.0,505.0,318.0,496.0,7.0,6.143,51740.006,559.31,352.199,549.342,7.753,6.803,0.78,,,,,,,,,,,,,,825552.0,558944.0,266608.0,,,5924.0,91.43,61.91,29.53,,6561.0,,902899.0,49.562,28.6,6.224,3.284,8702.975,1.4,412.82,14.49,10.2,34.8,,2.3,67.44,0.743
37229,Finland,127182.0,617.0,588.714,1029.0,5.0,2.143,22922.445,111.204,106.106,185.46,0.901,0.386,0.92,,,,,26611.0,6625375.0,1194.114,4.796,24720.0,4.455,0.024,42.0,tests performed,6827041.0,4022419.0,2804622.0,,,40461.0,123.05,72.5,50.55,,7292.0,36.57,5548361.0,18.136,42.8,21.228,13.264,40585.721,,153.507,5.76,18.3,22.6,,3.28,81.91,0.938
37821,France,6835022.0,24.0,14402.714,114926.0,148.0,116.286,101163.291,0.355,213.171,1700.988,2.191,1.721,0.85,,,,,,,,,,,,,,87942291.0,48573962.0,40376534.0,,460150.0,408150.0,130.16,71.89,59.76,,6041.0,,67564251.0,122.578,42.0,19.718,13.079,38605.671,,86.06,4.77,30.1,35.6,,5.98,82.66,0.901
38038,French Polynesia,,,,,,,,,,,,,,,,,,,,,,,,,,,235114.0,133302.0,101812.0,,,3216.0,83.22,47.18,36.04,,11383.0,,282534.0,77.324,32.7,7.775,4.593,,,,22.63,,,,,77.66,
38574,Gabon,25888.0,69.0,24.429,166.0,1.0,0.143,11360.221,30.279,10.72,72.844,0.439,0.063,1.18,,,,,6277.0,1085170.0,476.196,2.754,3846.0,1.688,0.006,157.4,samples tested,,,,,,1579.0,,,,,693.0,60.19,2278829.0,7.859,23.1,4.45,2.976,16562.413,3.4,259.967,7.2,,,,6.3,66.47,0.703
39113,Gambia,9698.0,,32.571,319.0,,2.571,3899.576,,13.097,128.27,,1.034,0.85,,,,,,,,,,,,,,,,,,,,,,,,,43.06,2486937.0,207.566,17.5,2.339,1.417,1561.767,10.1,331.43,1.91,0.7,31.2,7.876,1.1,62.05,0.496
39672,Georgia,549811.0,4778.0,3827.0,7408.0,79.0,73.857,138151.347,1200.571,961.613,1861.413,19.85,18.558,0.84,,,,,,8000000.0,2010.165,,34000.0,8.543,0.113,8.9,tests performed,1210746.0,802083.0,408663.0,,,24636.0,30.42,20.15,10.27,,6190.0,,3979773.0,65.032,38.7,14.864,10.244,9745.079,4.2,496.218,7.11,5.3,55.5,,2.6,73.77,0.812
40264,Germany,3965681.0,18646.0,9627.714,92229.0,21.0,23.143,47266.493,222.24,114.752,1099.267,0.25,0.276,1.33,,,,,,,,,,,,,,101942492.0,54331242.0,50469036.0,4447.0,240270.0,220006.0,121.5,64.76,60.15,0.01,2622.0,,83900471.0,237.016,46.6,21.453,15.957,45229.245,,156.139,8.31,28.2,33.1,,8.0,81.33,0.947
40806,Ghana,119436.0,1170.0,558.714,1036.0,19.0,7.714,3763.882,36.871,17.607,32.648,0.599,0.243,1.19,,,,,,,,,,,,,,,,,,,,,,,,,,31732128.0,126.719,21.1,3.385,1.948,4227.63,12.0,298.245,4.97,0.3,7.7,41.047,0.9,64.07,0.611
41046,Gibraltar,,,,,,,,,,,,,,,,,,,,,,,,,,,,,,,,23.0,,,,,683.0,,33691.0,3457.1,,,,,,,,,,,,79.93,
41607,Greece,587964.0,4306.0,3021.714,13622.0,22.0,29.286,56694.47,415.206,291.369,1313.502,2.121,2.824,0.93,,,,,108677.0,15520137.0,1496.53,10.479,88674.0,8.55,0.034,29.3,samples tested,11408609.0,6056183.0,5738106.0,,31868.0,27610.0,110.01,58.4,55.33,,2662.0,,10370747.0,83.479,45.3,20.396,14.524,24574.382,1.5,175.695,4.55,35.3,52.0,,4.21,82.24,0.888
41830,Greenland,,,,,,,,,,,,,,,,,,,,,,,,,,,,,,,,286.0,,,,,5029.0,,56868.0,0.137,,,,,,199.941,2.16,,,,,71.7,
42364,Grenada,461.0,104.0,33.0,2.0,1.0,0.143,4079.105,920.232,291.997,17.697,8.848,1.264,3.51,,,,,,,,,,,,,,,,,,,390.0,,,,,3451.0,,113015.0,317.132,29.4,7.304,5.021,13593.877,,243.964,10.71,,,,3.7,72.4,0.779
42932,Guatemala,470277.0,4478.0,3621.857,11926.0,40.0,53.429,25768.789,245.372,198.459,653.484,2.192,2.928,1.02,,,,,16498.0,2210997.0,121.151,0.904,12249.0,0.671,0.296,3.4,people tested,4607145.0,3352959.0,1254186.0,,98970.0,82741.0,25.24,18.37,6.87,,4534.0,,18249868.0,157.834,22.9,4.694,3.016,7423.808,8.7,155.898,10.18,,,76.665,0.6,74.3,0.663
43158,Guernsey,,,,,,,,,,,,,,,,,,,,,,,,,,,,,,,,109.0,,,,,1626.0,,67052.0,,,,,,,,,,,,,,
43701,Guinea,29501.0,101.0,68.429,337.0,2.0,2.714,2185.707,7.483,5.07,24.968,0.148,0.201,1.08,,,,,,,,,,,,,,1223951.0,831183.0,392768.0,,24265.0,20880.0,9.07,6.16,2.91,,1547.0,,13497237.0,51.755,19.0,3.135,1.733,1998.926,35.3,336.717,2.42,,,17.45,0.3,61.6,0.477
44232,Guinea-Bissau,5799.0,33.0,29.857,119.0,2.0,1.571,2877.216,16.373,14.814,59.043,0.992,0.78,0.97,,,,,,,,,,,,,,,,,,,,,,,,,,2015490.0,66.191,19.4,3.002,1.565,1548.675,67.1,382.474,2.42,,,6.403,,58.32,0.48
44776,Guyana,25548.0,145.0,148.857,622.0,9.0,3.0,32325.778,183.468,188.348,787.014,11.388,3.796,1.22,,,,,,,,,,,,,,474491.0,313469.0,161022.0,,2303.0,2362.0,60.04,39.66,20.37,,2989.0,50.93,790329.0,3.952,26.3,5.305,2.837,7435.047,,373.159,11.62,,,77.159,1.6,69.91,0.682
45312,Haiti,20896.0,46.0,21.429,586.0,2.0,0.429,1810.481,3.986,1.857,50.772,0.173,0.037,1.04,,,,,,,,,,,,,,35741.0,29332.0,6750.0,,,1071.0,0.31,0.25,0.06,,93.0,55.56,11541683.0,398.448,24.3,4.8,2.954,1653.173,23.5,430.548,6.65,2.9,23.1,22.863,0.7,64.0,0.51
45857,Honduras,338757.0,,1055.0,8850.0,,20.857,33663.639,,104.84,879.46,,2.073,1.07,,,,,,,,,,,,,,,,,,,69815.0,,,,,6938.0,76.85,10062994.0,82.805,24.9,4.652,2.883,4541.795,16.0,240.208,7.21,2.0,,84.169,0.7,75.27,0.634
46450,Hong Kong,12112.0,2.0,6.143,212.0,,,1603.644,0.265,0.813,28.069,,,,,,,,,,,,,,,,,7588397.0,4140055.0,3448342.0,,61376.0,59630.0,100.47,54.81,45.66,,7895.0,,7552800.0,7039.714,44.8,16.303,10.158,56054.92,,,8.33,,,,,84.86,0.949
47003,Hungary,812337.0,110.0,162.0,30058.0,1.0,0.571,84318.387,11.418,16.815,3119.939,0.104,0.059,1.62,,,,,5618.0,6123687.0,635.622,0.583,10051.0,1.043,0.016,62.0,tests performed,11603140.0,5772010.0,,322000.0,341203.0,55677.0,120.44,59.91,,3.34,5779.0,25.0,9634162.0,108.043,43.4,18.577,11.976,26777.561,0.5,278.296,7.55,26.8,34.8,,7.02,76.88,0.854
47562,Iceland,10789.0,84.0,76.429,33.0,,0.429,31421.831,244.641,222.59,96.109,,1.248,0.84,,,,,3309.0,586099.0,1706.952,9.637,2663.0,7.756,,,tests performed,527448.0,279365.0,263695.0,38439.0,,983.0,153.61,81.36,76.8,11.19,2863.0,,343360.0,3.404,37.3,14.431,9.207,46482.958,0.2,117.992,5.31,14.3,15.2,,2.91,82.99,0.949
48148,India,32810845.0,41965.0,42639.857,439020.0,460.0,466.0,23547.174,30.117,30.601,315.069,0.33,0.334,1.07,,,,,1394573.0,521541098.0,374.291,1.001,1735615.0,1.246,0.025,40.7,samples tested,644799225.0,497002083.0,147797142.0,,5493614.0,8009674.0,46.27,35.67,10.61,,5748.0,70.83,1393409033.0,450.419,28.2,5.989,3.414,6426.674,21.2,282.28,10.39,1.9,20.6,59.55,0.53,69.66,0.645
48702,Indonesia,4089801.0,10534.0,11662.143,133023.0,532.0,681.571,14798.721,38.117,42.199,481.336,1.925,2.466,0.62,,,,,,,,,112876.0,0.408,0.103,9.7,people tested,98966499.0,63111288.0,35855211.0,,816833.0,1122384.0,35.81,22.84,12.97,,4061.0,68.98,276361788.0,145.725,29.3,5.319,3.053,11188.744,5.7,342.864,6.32,2.8,76.1,64.204,1.04,71.72,0.718
49280,International,721.0,,,15.0,,,,,,,,,,,,,,,,,,,,,,,,,,,,,,,,,,,,,,,,,,,,,,,,,
49846,Iran,4992063.0,31319.0,33667.0,107794.0,643.0,633.857,58710.288,368.334,395.948,1267.736,7.562,7.455,0.84,,,,,,28892685.0,339.799,,114157.0,1.343,0.295,3.4,tests performed,,,,,,609824.0,,,,,7172.0,,85028760.0,49.831,32.4,5.44,3.182,19082.62,0.2,270.308,9.59,0.8,21.1,,1.5,76.68,0.783
50407,Iraq,1888150.0,6937.0,6891.429,20830.0,66.0,70.429,45851.864,168.458,167.352,505.836,1.603,1.71,0.9,,,,,40190.0,14352095.0,348.526,0.976,38823.0,0.943,0.178,5.6,samples tested,,,,,,53104.0,,,,,1290.0,,41179351.0,88.125,20.0,3.186,1.957,15663.986,2.5,218.612,8.83,,,94.576,1.4,70.6,0.674
50963,Ireland,352447.0,1382.0,1738.429,5092.0,,2.571,70731.244,277.348,348.879,1021.894,,0.516,0.99,,,,,18253.0,6692545.0,1343.101,3.663,19756.0,3.965,0.088,11.4,tests performed,6836122.0,3688438.0,3380284.0,,17485.0,22960.0,137.19,74.02,67.84,,4608.0,,4982904.0,69.874,38.7,13.928,8.678,67335.293,0.2,126.459,3.28,23.0,25.7,,2.96,82.3,0.955
51192,Isle of Man,,,,,,,,,,,,,,,,,,,,,,,,,,,127589.0,65118.0,62471.0,,,115.0,149.38,76.24,73.14,,1346.0,,85410.0,147.872,,,,,,,,,,,,81.4,
51757,Israel,1066352.0,4864.0,7875.571,7043.0,,23.286,121317.312,553.37,895.992,801.272,,2.649,1.18,219.0,24.915,1314.0,149.492,162317.0,23365617.0,2658.272,18.467,135872.0,15.458,0.058,17.3,tests performed,13749456.0,5987518.0,5489182.0,2272756.0,132467.0,98992.0,156.43,68.12,62.45,25.86,11262.0,45.37,8789776.0,402.606,30.6,11.733,7.359,33132.32,0.5,93.32,6.74,15.4,35.4,,2.99,82.97,0.919
52342,Italy,4539991.0,5492.0,6447.714,129221.0,75.0,52.286,75205.917,90.976,106.808,2140.573,1.242,0.866,0.96,,,,,307643.0,84035719.0,1392.07,5.096,237824.0,3.94,0.027,36.9,tests performed,77910192.0,42651328.0,36697801.0,,322268.0,274242.0,129.06,70.65,60.79,,4543.0,65.28,60367471.0,205.859,47.9,23.021,16.24,35220.084,2.0,113.151,4.78,19.8,27.8,,3.18,83.51,0.892
52887,Jamaica,68131.0,729.0,666.714,1518.0,8.0,14.429,22913.022,245.169,224.222,510.516,2.69,4.852,1.22,,,,,1099.0,549295.0,184.732,0.37,1810.0,0.609,0.368,2.7,samples tested,542888.0,402601.0,144372.0,,,10747.0,18.26,13.54,4.86,,3614.0,74.07,2973462.0,266.879,31.4,9.684,6.39,8193.571,,206.537,11.28,5.3,28.6,66.425,1.7,74.47,0.734
53481,Japan,1491514.0,17667.0,20962.857,16080.0,64.0,51.0,11832.642,140.158,166.305,127.568,0.508,0.405,0.9,,,,,115429.0,20874666.0,165.605,0.916,128557.0,1.02,0.163,6.1,people tested,130900617.0,72392138.0,58508479.0,,2140754.0,1239656.0,103.85,57.43,46.42,,9835.0,52.31,126050796.0,347.778,48.2,27.049,18.493,39002.223,,79.37,5.72,11.2,33.7,,13.05,84.63,0.919
53658,Jersey,,,,,,,,,,,,,,,,,,,,,,,,,,,,,,,,170.0,,,,,1682.0,,101073.0,,,,,,,,,,,,,,
54206,Jordan,797126.0,867.0,808.571,10411.0,13.0,13.0,77624.335,84.429,78.739,1013.826,1.266,1.266,1.02,,,,,25873.0,9255269.0,901.28,2.52,27626.0,2.69,0.029,34.2,tests performed,6422943.0,3472046.0,2950897.0,,,33881.0,62.55,33.81,28.74,,3299.0,,10269022.0,109.285,23.2,3.81,2.361,8337.49,0.1,208.257,11.75,,,,1.4,74.53,0.729
54749,Kazakhstan,863581.0,4378.0,5770.286,12655.0,-281.0,,45463.696,230.482,303.78,666.229,-14.793,,0.9,,,,,,,,,,,,,,11995502.0,6629678.0,5365824.0,,45455.0,73122.0,63.15,34.9,28.25,,3850.0,,18994958.0,6.681,30.6,6.991,4.625,24055.588,0.1,466.792,7.11,7.0,43.1,98.999,6.7,73.6,0.825
55299,Kenya,235863.0,565.0,724.143,4726.0,6.0,23.143,4289.533,10.275,13.17,85.95,0.109,0.421,0.83,,,,,,,,,,,,,,2773239.0,1968656.0,804583.0,,20973.0,38863.0,5.04,3.58,1.46,,707.0,,54985702.0,87.324,20.0,2.686,1.528,2993.028,36.8,218.637,2.92,1.2,20.4,24.651,1.4,66.7,0.601
55411,Kiribati,2.0,,,,,,16.476,,,,,,,,,,,,,,,,,,,,,,,,,,,,,,,,121388.0,143.701,23.2,3.895,2.21,1981.132,,434.657,22.66,35.9,58.9,,1.9,68.37,0.63
55953,Kosovo,144986.0,1383.0,1815.571,2503.0,26.0,21.0,75014.461,715.552,939.36,1295.03,13.452,10.865,1.32,,,,,11472.0,980609.0,507.358,5.936,11385.0,5.89,0.159,6.3,tests performed,825745.0,548855.0,276890.0,,17667.0,13742.0,42.72,28.4,14.33,,7110.0,,1932774.0,168.155,,,,9795.834,0.6,,,,,,,,
56514,Kuwait,409860.0,124.0,180.0,2419.0,1.0,1.429,94687.532,28.647,41.584,558.847,0.231,0.33,0.61,,,,,12425.0,3786563.0,874.787,2.87,12478.0,2.883,0.014,69.3,tests performed,,,,,,,,,,,,49.07,4328553.0,232.128,33.7,2.345,1.114,65530.537,,132.235,15.84,2.7,37.0,,2.0,75.49,0.806
57052,Kyrgyzstan,175734.0,145.0,198.143,2528.0,4.0,4.857,26512.492,21.876,29.893,381.392,0.603,0.733,0.67,,,,,,,,,,,,,,1141442.0,685629.0,453130.0,,15479.0,14040.0,17.22,10.34,6.84,,2118.0,,6628347.0,32.333,26.3,4.489,2.882,3393.474,1.4,436.362,7.11,3.6,50.5,89.22,4.5,71.45,0.697
57584,Laos,15015.0,199.0,294.0,14.0,,0.429,2034.73,26.967,39.841,1.897,,0.058,0.75,,,,,,,,,,,,,,4238543.0,2443845.0,1794698.0,,33506.0,51982.0,57.44,33.12,24.32,,7044.0,,7379358.0,29.715,24.4,4.029,2.322,6397.36,22.7,368.111,4.0,7.3,51.2,49.839,1.5,67.92,0.613
58147,Latvia,142637.0,237.0,192.857,2578.0,5.0,1.286,76401.737,126.946,103.302,1380.874,2.678,0.689,1.43,,,,,,,,,,,,,,1511067.0,860975.0,763469.0,,6006.0,5091.0,80.94,46.12,40.89,,2727.0,41.67,1866934.0,31.212,43.9,19.754,14.136,25063.846,0.7,350.06,4.91,25.6,51.0,,5.57,75.29,0.866
58711,Lebanon,602266.0,1040.0,1191.0,8053.0,5.0,4.857,88972.162,153.638,175.945,1189.662,0.739,0.718,0.91,,,,,,,,,,,,,,2457930.0,1367317.0,1090613.0,,22349.0,15739.0,36.31,20.2,16.11,,2325.0,65.74,6769151.0,594.561,31.1,8.514,5.43,13367.565,,266.591,12.71,26.9,40.7,,2.9,78.93,0.744
59193,Lesotho,14395.0,,1.857,403.0,,0.429,6667.232,,0.86,186.655,,0.198,0.4,,,,,,,,,,,,,,,,,,,,,,,,,60.19,2159067.0,73.562,22.2,4.506,2.647,2851.153,59.6,405.126,3.94,0.4,53.9,2.117,,54.33,0.527
59732,Liberia,5594.0,,9.571,245.0,,,1079.879,,1.848,47.295,,,0.39,,,,,,,,,,,,,,,,,,,,,,,,,,5180208.0,49.127,19.2,3.057,1.756,752.788,38.6,272.509,2.42,1.5,18.1,1.188,0.8,64.1,0.48
60284,Libya,308972.0,1501.0,1457.0,4247.0,34.0,21.143,44401.856,215.706,209.383,610.329,4.886,3.038,0.88,,,,,6201.0,,,0.891,,,,,samples tested,,,,,,15717.0,,,,,2259.0,,6958538.0,3.623,29.0,4.424,2.816,17881.509,,341.862,10.43,,,,3.7,72.91,0.724
60836,Liechtenstein,3273.0,7.0,5.714,59.0,,,85559.68,182.987,149.377,1542.322,,,1.1,,,,,201.0,61906.0,1618.288,5.254,176.0,4.601,0.035,28.6,tests performed,43139.0,22922.0,20484.0,,,81.0,112.77,59.92,53.55,,2117.0,,38254.0,237.012,,,,,,,7.77,,,,2.397,82.49,0.919
61392,Lithuania,298825.0,660.0,588.143,4561.0,14.0,9.0,111093.06,245.366,218.652,1695.626,5.205,3.346,1.11,,,,,,,,,,,,,,3168776.0,1659887.0,1508889.0,,12217.0,12596.0,117.8,61.71,56.1,,4683.0,25.0,2689862.0,45.135,43.5,19.002,13.778,29524.265,0.7,342.989,3.67,21.3,38.0,,6.56,75.93,0.882
61955,Luxembourg,75760.0,88.0,77.714,830.0,,,119342.043,138.623,122.421,1307.47,,,1.22,,,,,4957.0,3423446.0,5392.833,7.809,4072.0,6.414,0.019,52.4,tests performed,763335.0,407226.0,356109.0,,,1199.0,120.25,64.15,56.1,,1889.0,37.96,634814.0,231.447,39.7,14.312,9.842,94277.965,0.2,128.275,4.42,20.9,26.0,,4.51,82.25,0.916
62166,Macao,,,,,,,,,,,,,,,,,,,,,,,,,,,,,,,,2159.0,,,,,3279.0,,658391.0,20546.766,39.2,9.798,4.991,104861.851,,,,,,,,84.24,
62702,Madagascar,42869.0,7.0,3.143,956.0,1.0,0.143,1508.02,0.246,0.111,33.63,0.035,0.005,0.69,,,,,,,,,,,,,,,,,,,1230.0,,,,,43.0,53.7,28427333.0,43.951,19.6,2.929,1.686,1416.44,77.6,405.994,3.94,,,50.54,0.2,67.04,0.528
63229,Malawi,60494.0,108.0,101.0,2177.0,9.0,11.286,3078.938,5.497,5.141,110.802,0.458,0.574,0.58,,,,,,,,,,,,,,883432.0,683640.0,410484.0,,5294.0,6099.0,4.5,3.48,2.09,,310.0,39.81,19647681.0,197.519,18.1,2.979,1.783,1095.042,71.4,227.349,3.94,4.4,24.7,8.704,1.3,64.26,0.483
63821,Malaysia,1746254.0,20897.0,21807.429,16664.0,282.0,301.571,53278.118,637.566,665.344,508.418,8.604,9.201,0.98,,,,,,,,,,,,,,34752340.0,19746236.0,15032301.0,,261768.0,350590.0,106.03,60.25,45.86,,10696.0,,32776195.0,96.254,29.9,6.293,3.407,26808.164,0.1,260.942,16.74,1.0,42.4,,1.9,76.16,0.81
64369,Maldives,81112.0,152.0,127.714,226.0,,0.143,149207.167,279.607,234.933,415.732,,0.263,1.16,,,,,4124.0,1375335.0,2529.957,7.586,5181.0,9.531,0.025,40.6,samples tested,686956.0,384444.0,302512.0,,1154.0,1021.0,126.37,70.72,55.65,,1878.0,,543620.0,1454.433,30.6,4.12,2.875,15183.616,,164.905,9.19,2.1,55.0,95.803,,78.92,0.74
64900,Mali,14889.0,16.0,15.857,539.0,,0.429,713.905,0.767,0.76,25.844,,0.021,1.15,,,,,,,,,,,,,,,,,,,3310.0,,,,,159.0,,20855724.0,15.196,16.4,2.519,1.486,2014.306,,268.024,2.42,1.6,23.0,52.232,0.1,59.31,0.434
65479,Malta,36171.0,48.0,43.571,441.0,1.0,0.571,70294.463,93.283,84.676,857.036,1.943,1.111,0.99,,,,,3117.0,1190315.0,2313.25,6.058,3133.0,6.089,0.014,71.9,tests performed,797017.0,413985.0,412767.0,,684.0,572.0,154.89,80.45,80.22,,1112.0,43.52,514564.0,1454.037,42.4,19.426,11.324,36513.323,0.2,168.711,8.83,20.9,30.2,,4.485,82.53,0.895
65793,Marshall Islands,4.0,,,,,,67.094,,,,,,,,,,,,,,,,,,,,,,,,,,,,,,,,59618.0,295.15,,,,3819.202,,557.793,30.53,,,82.502,2.7,73.7,0.704
66335,Mauritania,33580.0,148.0,194.286,715.0,4.0,4.857,7032.299,30.994,40.687,149.735,0.838,1.017,0.75,,,,,,,,,,,,,,,,,,,1302.0,,,,,273.0,,4775110.0,4.289,20.3,3.138,1.792,3597.633,6.0,232.347,2.42,,,15.95,,64.92,0.546
66873,Mauritius,10676.0,480.0,334.571,31.0,2.0,0.714,8383.67,376.935,262.733,24.344,1.571,0.561,1.36,,,,,,,,,,,,,,,,,,,10053.0,,,,,7894.0,,1273428.0,622.962,37.4,10.945,5.884,20292.745,0.5,224.644,22.02,3.2,40.7,,3.4,74.99,0.804
67488,Mexico,3352410.0,11146.0,14647.429,259326.0,835.0,694.286,25735.858,85.566,112.446,1990.8,6.41,5.33,0.94,,,,,23985.0,9344085.0,71.733,0.184,26299.0,0.202,0.402,2.5,people tested,85375481.0,58008815.0,34282292.0,,429038.0,493111.0,65.54,44.53,26.32,,3786.0,67.13,130262220.0,66.444,29.3,6.857,4.321,17336.469,2.5,152.783,13.06,6.9,21.4,87.847,1.38,75.05,0.779
67717,Micronesia (country),1.0,,,,,,8.602,,,,,,,,,,,,,,,,,,,,,,,,,,,,,,,,116255.0,150.777,23.0,4.81,2.392,3299.464,16.0,454.343,12.02,,,,,67.88,0.62
68265,Moldova,267526.0,322.0,324.0,6401.0,4.0,3.857,66482.191,80.019,80.516,1590.696,0.994,0.959,1.2,,,,,,,,,4635.0,1.152,0.07,14.3,tests performed,1284162.0,,691040.0,,,6404.0,31.91,,17.17,,1591.0,54.63,4024025.0,123.655,37.6,10.864,6.955,5189.972,0.2,408.502,5.72,5.9,44.6,86.979,5.8,71.9,0.75
68821,Monaco,3201.0,13.0,6.429,33.0,,,80996.964,328.947,162.666,835.02,,,0.87,,,,,,,,,,,,,,,,,,,147.0,,,,,3720.0,,39520.0,19347.5,,,,,,,5.46,,,,13.8,86.75,
69367,Mongolia,213820.0,,2424.857,937.0,,4.286,64224.058,,728.342,281.442,,1.287,1.28,,,,,5817.0,3715089.0,1115.883,1.747,,,,,samples tested,4333638.0,2239399.0,2094239.0,,5760.0,4990.0,130.17,67.26,62.9,,1499.0,59.26,3329282.0,1.98,28.6,4.031,2.421,11840.846,0.5,460.043,4.82,5.5,46.5,71.18,7.0,69.87,0.737
69906,Montenegro,115385.0,598.0,621.0,1724.0,4.0,4.857,183719.157,952.152,988.773,2745.0,6.369,7.734,1.02,,,,,,,,,,,,,,394420.0,210591.0,183829.0,,2185.0,2297.0,62.8,33.53,29.27,,3657.0,,628051.0,46.28,39.1,14.762,9.395,16409.288,1.0,387.305,10.08,44.0,47.9,,3.861,76.88,0.829
70117,Montserrat,,,,,,,,,,,,,,,,,,,,,,,,,,,,,,,,,,,,,,,4981.0,,,,,,,,,,,,,74.16,
70692,Morocco,860948.0,4899.0,5688.429,12649.0,109.0,93.571,23054.034,131.183,152.322,338.709,2.919,2.506,0.78,,,,,35889.0,8112980.0,217.245,0.961,32527.0,0.871,0.175,5.7,people tested,33721703.0,18701155.0,15020548.0,,,353345.0,90.3,50.08,40.22,,9462.0,,37344787.0,80.08,29.6,6.769,4.209,7485.013,1.0,419.146,7.14,0.8,47.1,,1.1,76.68,0.686
71226,Mozambique,146316.0,263.0,380.143,1864.0,11.0,7.286,4549.196,8.177,11.819,57.955,0.342,0.227,0.68,,,,,2453.0,850627.0,26.447,0.076,2611.0,0.081,0.146,6.9,units unclear,,,,,,,,,,,,,32163045.0,37.728,17.7,3.158,1.87,1136.103,62.9,329.942,3.3,5.1,29.1,12.227,0.7,60.85,0.456
71755,Myanmar,399282.0,3399.0,2986.429,15389.0,102.0,109.571,7285.368,62.019,54.491,280.79,1.861,1.999,1.01,,,,,,,,,25132.0,0.459,0.119,8.4,samples tested,,,,,,,,,,,,,54806014.0,81.721,29.1,5.732,3.12,5591.597,6.4,202.104,4.61,6.3,35.2,79.287,0.9,67.13,0.583
72297,Namibia,125046.0,146.0,144.857,3375.0,3.0,4.143,48329.87,56.429,55.987,1304.426,1.159,1.601,0.79,,,,,1211.0,661329.0,255.601,0.468,1469.0,0.568,0.099,10.1,samples tested,,,,,,3678.0,,,,,1422.0,,2587344.0,3.078,22.0,3.552,2.085,9541.808,13.4,243.811,3.94,9.7,34.2,44.6,,63.71,0.646
73023,Nepal,762647.0,1523.0,1663.714,10750.0,20.0,26.0,25700.052,51.323,56.065,362.259,0.674,0.876,0.83,,,,,9117.0,3915146.0,131.935,0.307,9406.0,0.317,0.177,5.7,tests performed,9799013.0,5339252.0,4459761.0,,85128.0,137879.0,33.02,17.99,15.03,,4646.0,52.31,29674920.0,204.43,25.0,5.809,3.212,2442.804,15.0,260.797,7.26,9.5,37.8,47.782,0.3,70.78,0.602
73581,Netherlands,1976440.0,2456.0,2627.857,18368.0,20.0,10.429,115089.337,143.014,153.022,1069.58,1.165,0.607,0.99,,,,,,,,,,,,,,,,,,,15874.0,,,,,924.0,41.67,17173094.0,508.544,43.2,18.779,11.881,48472.545,,109.361,5.29,24.4,27.3,,3.32,82.28,0.944
73798,New Caledonia,,,,,,,,,,,,,,,,,,,,,,,,,,,151912.0,82172.0,69740.0,,,867.0,52.71,28.51,24.2,,3008.0,,288217.0,15.342,33.4,9.954,6.489,,,,23.36,,,,,77.55,
74349,New Zealand,3570.0,50.0,58.571,26.0,,,734.471,10.287,12.05,5.349,,,1.61,,,,,16755.0,2984428.0,613.999,3.447,30573.0,6.29,0.002,522.0,tests performed,3502004.0,2290143.0,1211861.0,,84971.0,80178.0,72.05,47.12,24.93,,16495.0,96.3,4860642.0,18.206,37.9,15.322,9.72,36085.843,,128.797,8.08,14.8,17.2,,2.61,82.29,0.931
74886,Nicaragua,11735.0,568.0,81.143,200.0,1.0,0.143,1750.871,84.746,12.107,29.84,0.149,0.021,0.02,,,,,,,,,,,,,,,,,,,3990.0,,,,,595.0,2.78,6702379.0,51.667,27.3,5.445,3.519,5321.444,3.2,137.016,11.47,,,,0.9,74.48,0.66
75422,Niger,5849.0,6.0,10.143,199.0,1.0,0.429,232.742,0.239,0.404,7.919,0.04,0.017,1.12,,,,,,,,,,,,,,,,,,,,,,,,,25.0,25130810.0,16.955,15.1,2.553,1.378,926.0,44.5,238.339,2.42,0.1,15.4,8.978,0.3,62.42,0.394
75979,Nigeria,192431.0,626.0,598.286,2469.0,14.0,26.857,910.267,2.961,2.83,11.679,0.066,0.127,1.07,,,,,,,,,,,,,,4432282.0,2994933.0,1437349.0,,,42162.0,2.1,1.42,0.68,,199.0,54.63,211400704.0,209.588,18.1,2.751,1.447,5338.454,,181.013,2.42,0.6,10.8,41.949,,54.69,0.539
76623,North America,47085561.0,170819.0,195144.429,976606.0,2362.0,2246.0,78925.642,286.33,327.105,1637.004,3.959,3.765,,,,,,,,,,,,,,,561587819.0,320094780.0,252027567.0,677893.0,1640852.0,2245356.0,94.13,53.65,42.25,0.11,3764.0,,596581283.0,,,,,,,,,,,,,,
77182,North Macedonia,176494.0,870.0,868.857,5938.0,37.0,30.143,84744.469,417.735,417.186,2851.16,17.766,14.473,0.92,,,,,,,,,,,,,,1253612.0,722579.0,531033.0,,,9721.0,60.19,34.69,25.5,,4668.0,,2082661.0,82.6,39.1,13.26,8.16,13111.214,5.0,322.688,10.08,,,,4.28,75.8,0.774
77956,Norway,160174.0,1785.0,1335.571,814.0,,0.429,29305.685,326.586,244.358,148.931,,0.078,1.38,,,,,31863.0,7164820.0,1310.887,5.83,28039.0,5.13,0.048,21.0,people tested,6961714.0,3869020.0,3092694.0,,54542.0,66200.0,127.37,70.79,56.58,,12112.0,38.89,5465629.0,14.462,39.7,16.821,10.813,64800.057,0.2,114.316,5.31,19.6,20.7,,3.6,82.4,0.957
78547,Oceania,123253.0,1780.0,1572.0,1727.0,13.0,9.857,2851.761,41.185,36.372,39.958,0.301,0.228,,,,,,,,,,,,,,,24626872.0,15642584.0,8983112.0,,487238.0,379331.0,56.98,36.19,20.78,,8777.0,,43219954.0,,,,,,,,,,,,,,
79108,Oman,302300.0,61.0,104.286,4064.0,1.0,3.0,57874.447,11.678,19.965,778.041,0.191,0.574,0.72,,,,,,,,,,,,,,,,,,,52380.0,,,,,10028.0,64.81,5223376.0,14.98,30.7,2.355,1.53,37960.709,,266.342,12.61,0.5,15.6,97.4,1.6,77.86,0.813
79668,Pakistan,1163688.0,3569.0,3975.714,25889.0,101.0,95.571,5167.355,15.848,17.654,114.96,0.448,0.424,0.99,,,,,52112.0,17756332.0,78.847,0.231,59886.0,0.266,0.066,15.1,tests performed,56768446.0,43791885.0,17455249.0,,,1280906.0,25.21,19.45,7.75,,5688.0,62.96,225199929.0,255.573,23.5,4.495,2.78,5034.708,4.0,423.031,8.35,2.8,36.7,59.607,0.6,67.27,0.557
79684,Palau,2.0,,,,,,110.047,,,,,,,,,,,,,,,,,,,,,,,,,,,,,,,,18174.0,47.237,,,,13240.405,,,15.89,7.7,22.7,,4.8,73.7,0.826
80235,Palestine,342282.0,2466.0,1868.286,3680.0,5.0,4.857,65536.663,472.165,357.72,704.609,0.957,0.93,1.57,,,,,12812.0,,,2.453,9890.0,1.894,0.189,5.3,tests performed,1392299.0,935756.0,456543.0,,51410.0,31776.0,26.66,17.92,8.74,,6084.0,,5222756.0,778.202,20.4,3.043,1.726,4449.898,1.0,265.91,10.59,,,,,74.05,0.708
80782,Panama,457487.0,450.0,574.429,7061.0,7.0,6.143,104411.351,102.703,131.101,1611.518,1.598,1.402,0.83,,,,,9423.0,3663596.0,836.135,2.151,9391.0,2.143,0.061,16.3,tests performed,4359910.0,2727201.0,1632709.0,,4726.0,40980.0,99.51,62.24,37.26,,9353.0,71.76,4381583.0,55.133,29.7,7.918,5.03,22267.037,2.2,128.346,8.33,2.4,9.9,,2.3,78.51,0.815
81318,Papua New Guinea,17838.0,,,192.0,,,1956.134,,,21.055,,,0.36,,,,,,,,,,,,,,,,,,,,,,,,,,9119005.0,18.22,22.6,3.808,2.142,3823.194,,561.494,17.65,23.5,48.8,,,64.5,0.555
81867,Paraguay,458528.0,73.0,79.571,15767.0,25.0,22.0,63511.191,10.111,11.022,2183.904,3.463,3.047,0.67,,,,,2190.0,1773409.0,245.637,0.303,2617.0,0.362,0.03,32.9,tests performed,4059098.0,2285695.0,1773403.0,,22526.0,23171.0,56.22,31.66,24.56,,3209.0,49.07,7219641.0,17.144,26.5,6.378,3.833,8827.01,1.7,199.128,8.27,5.0,21.6,79.602,1.3,74.25,0.728
82482,Peru,2149591.0,,842.857,198263.0,,45.571,64437.311,,25.266,5943.24,,1.366,0.93,,,,,,,,,,,,,,18855954.0,10523443.0,8332511.0,,94277.0,172835.0,56.52,31.55,24.98,,5181.0,67.59,33359415.0,25.129,29.1,7.151,4.455,12236.706,3.5,85.755,5.95,4.8,,,1.6,76.74,0.777
83068,Philippines,1989857.0,13655.0,17166.571,33448.0,118.0,169.143,17919.067,122.966,154.588,301.206,1.063,1.523,1.13,,,,,62501.0,17675978.0,159.176,0.563,64955.0,0.585,0.264,3.8,people tested,33706295.0,,13958418.0,,,377580.0,30.35,,12.57,,3400.0,74.54,111046910.0,351.873,25.2,4.803,2.661,7599.188,,370.437,7.07,7.8,40.8,78.463,1.0,71.23,0.718
83669,Poland,2888670.0,285.0,233.286,75345.0,5.0,3.0,76425.907,7.54,6.172,1993.412,0.132,0.079,1.28,,,,,44330.0,19370853.0,512.497,1.173,36382.0,0.963,0.006,156.0,people tested,36286614.0,19284686.0,18787636.0,,54244.0,52801.0,96.0,51.02,49.71,,1397.0,38.89,37797000.0,124.027,41.8,16.763,10.202,27216.445,,227.331,5.91,23.3,33.1,,6.62,78.73,0.88
84235,Portugal,1037927.0,1908.0,2160.0,17743.0,13.0,12.143,102078.566,187.649,212.433,1744.997,1.279,1.194,0.89,,,,,50911.0,17055144.0,1677.348,5.007,50770.0,4.993,0.043,23.5,tests performed,14719449.0,8638934.0,7600174.0,,54833.0,59345.0,144.76,84.96,74.75,,5836.0,52.78,10167923.0,112.371,46.2,21.502,14.924,27936.896,0.5,127.842,9.85,16.3,30.0,,3.39,82.05,0.864
84791,Qatar,232744.0,173.0,200.143,602.0,,0.143,79420.609,59.034,68.296,205.424,,0.049,0.85,,,,,6669.0,2504644.0,854.674,2.276,5760.0,1.966,0.035,28.8,people tested,4454401.0,2323543.0,2130858.0,,,23783.0,152.0,79.29,72.71,,8116.0,,2930524.0,227.322,31.9,1.307,0.617,116935.6,,176.69,16.52,0.8,26.9,,1.2,80.23,0.848
85350,Romania,1098765.0,1313.0,949.0,34570.0,31.0,18.714,57443.439,68.644,49.614,1807.32,1.621,0.978,1.49,,,,,,9092422.0,475.352,,13769.0,0.72,0.069,14.5,tests performed,9771316.0,5246235.0,5135003.0,,12110.0,11032.0,51.08,27.43,26.85,,577.0,,19127772.0,85.129,43.0,17.85,11.69,23313.199,5.7,370.946,9.74,22.9,37.1,,6.892,76.05,0.828
85935,Russia,6820697.0,17374.0,18580.571,180009.0,776.0,781.0,46745.271,119.072,127.341,1233.682,5.318,5.353,0.95,,,,,,,,,406126.0,2.783,0.046,21.9,tests performed,80244526.0,43771190.0,36473336.0,,232498.0,381031.0,55.0,30.0,25.0,,2611.0,52.31,145912022.0,8.823,39.6,14.178,9.393,24765.954,0.1,431.297,6.18,23.4,58.3,,8.05,72.58,0.824
86477,Rwanda,87627.0,496.0,500.0,1089.0,6.0,7.286,6600.15,37.359,37.66,82.025,0.452,0.549,0.95,,,,,8766.0,2434988.0,183.406,0.66,15944.0,1.201,0.031,31.9,samples tested,,,,,,90430.0,,,,,6811.0,,13276517.0,494.869,20.3,2.974,1.642,1854.211,56.0,191.375,4.28,4.7,21.0,4.617,,69.02,0.543
87100,Saint Kitts and Nevis,1091.0,38.0,29.714,3.0,,,20375.005,709.67,554.93,56.027,,,1.03,,,,,,31341.0,585.31,,244.0,4.557,0.122,8.2,people tested,,,,,,135.0,,,,,2521.0,,53546.0,212.865,,,,24654.385,,,12.84,,,,2.3,76.23,0.779
87642,Saint Lucia,8219.0,64.0,141.0,104.0,1.0,1.0,44571.342,347.07,764.638,563.988,5.423,5.423,1.43,,,,,,,,,,,,,,,,,,,,,,,,,,184401.0,293.187,34.9,9.721,6.405,12951.839,,204.62,11.62,,,87.202,1.3,76.2,0.759
88184,Saint Vincent and the Grenadines,2336.0,,2.143,12.0,,,20994.167,,19.258,107.847,,,0.97,,,,,,,,,,,,,,,,,,,1.0,,,,,9.0,,111269.0,281.787,31.8,7.724,4.832,10727.146,,252.675,11.62,,,,2.6,72.53,0.738
88477,Samoa,3.0,,,,,,14.989,,,,,,,,,,,,,,,,,,,,134265.0,92319.0,41946.0,,,1163.0,67.08,46.13,20.96,,5811.0,,200144.0,69.413,22.0,5.606,3.564,6021.557,,348.977,9.21,16.7,38.1,,,73.32,0.715
89033,San Marino,5331.0,10.0,7.429,90.0,,,156748.015,294.031,218.423,2646.281,,,1.01,,,,,,,,,,,,,,,,,,,8.0,,,,,235.0,,34010.0,556.667,,,,56861.47,,,5.64,,,,3.8,84.97,
89552,Sao Tome and Principe,2608.0,15.0,8.857,37.0,,,11676.009,67.155,39.653,165.649,,,1.28,,,,,,,,,,,,,,,,,,,148.0,,,,,663.0,,223364.0,212.841,18.7,2.886,2.162,3052.714,32.3,270.113,2.42,,,41.34,2.9,70.39,0.625
90106,Saudi Arabia,543318.0,,189.143,8512.0,,4.429,15373.728,,5.352,240.856,,0.125,0.39,,,,,59531.0,27505312.0,778.29,1.684,58298.0,1.65,0.003,308.2,tests performed,37133188.0,22218040.0,14915148.0,,295851.0,328696.0,105.07,62.87,42.2,,9301.0,,35340680.0,15.322,31.9,3.295,1.845,49045.411,,259.538,17.72,1.8,25.4,,2.7,75.13,0.854
90663,Senegal,72805.0,52.0,102.714,1765.0,5.0,9.714,4233.758,3.024,5.973,102.638,0.291,0.565,0.49,,,,,1453.0,751588.0,43.706,0.084,2530.0,0.147,0.041,24.6,tests performed,,,,,,2958.0,,,,,172.0,,17196308.0,82.328,18.7,3.008,1.796,2470.58,38.0,241.219,2.42,0.4,16.6,20.859,,67.94,0.512
91222,Serbia,762933.0,2981.0,2366.714,7292.0,14.0,9.429,112120.249,438.086,347.811,1071.629,2.057,1.386,1.4,,,,,15529.0,5025390.0,738.529,2.282,13473.0,1.98,0.176,5.7,people tested,,,,,,22049.0,,,,,3240.0,36.11,6804596.0,80.291,41.2,17.366,,14048.881,,439.415,10.08,37.7,40.2,97.719,5.609,76.0,0.806
91763,Seychelles,20038.0,46.0,51.143,102.0,,0.571,202588.212,465.069,517.065,1031.241,,5.777,0.95,,,,,,,,,,,,,,,,,,,,,,,,,,98910.0,208.354,36.2,8.606,5.586,26382.287,1.1,242.648,10.55,7.1,35.7,,3.6,73.4,0.796
92288,Sierra Leone,6367.0,,1.429,121.0,,,782.058,,0.175,14.862,,,0.71,,,,,,,,,,,,,,,,,,,,,,,,,,8141343.0,104.7,19.1,2.538,1.285,1390.3,52.2,325.721,2.42,8.8,41.3,19.275,,54.7,0.452
92881,Singapore,67620.0,161.0,132.571,55.0,,0.714,11467.462,27.303,22.482,9.327,,0.121,1.68,,,,,,,,,,,,,,8890717.0,4601255.0,4434945.0,,14715.0,15627.0,150.77,78.03,75.21,,2650.0,47.22,5896684.0,7915.731,42.4,12.922,7.049,85535.383,,92.243,10.99,5.2,28.3,,2.4,83.62,0.938
93004,Sint Maarten (Dutch part),,,,,,,,,,,,,,,,,,,,,,,,,,,,,,,,63.0,,,,,1451.0,,43421.0,1209.088,,,,36327.232,,,,,,,,78.95,
93551,Slovakia,394923.0,132.0,102.714,12548.0,,0.143,72320.604,24.173,18.81,2297.863,,0.026,1.43,,,,,,,,,,,,,,4555737.0,2383452.0,2172285.0,,8380.0,7068.0,83.43,43.65,39.78,,1294.0,34.72,5460726.0,113.128,41.2,15.07,9.167,30155.152,0.7,287.959,7.29,23.1,37.7,,5.82,77.54,0.86
94134,Slovenia,267198.0,541.0,436.714,4450.0,1.0,1.143,128539.493,260.256,210.088,2140.737,0.481,0.55,1.34,,,,,3789.0,1450908.0,697.98,1.823,2569.0,1.236,0.185,5.4,tests performed,1897585.0,992573.0,905012.0,,5163.0,5036.0,91.29,47.75,43.54,,2423.0,,2078723.0,102.619,44.5,19.062,12.93,31400.84,,153.493,7.25,20.1,25.0,,4.5,81.32,0.917
94464,Solomon Islands,20.0,,,,,,28.409,,,,,,,,,,,,,,,,,,,,83441.0,62891.0,20550.0,,,1341.0,11.85,8.93,2.92,,1905.0,,703995.0,21.841,20.8,3.507,2.043,2205.923,25.1,459.78,18.68,,,35.89,1.4,73.0,0.567
95004,Somalia,17466.0,67.0,82.0,977.0,8.0,7.143,1067.637,4.095,5.012,59.721,0.489,0.437,1.31,,,,,,,,,,,,,,,,,,,1102.0,,,,,67.0,,16359500.0,23.5,16.8,2.731,1.496,,,365.769,6.05,,,9.831,0.9,57.4,
95582,South Africa,2777659.0,7084.0,9815.429,82261.0,431.0,329.714,46261.936,117.984,163.476,1370.058,7.178,5.491,0.83,,,,,49168.0,16475179.0,274.394,0.819,54085.0,0.901,0.181,5.5,people tested,12568525.0,9418185.0,5985293.0,,279047.0,213203.0,20.93,15.69,9.97,,3551.0,,60041996.0,46.754,27.3,5.344,3.053,12294.876,18.9,200.38,5.52,8.1,33.2,43.993,2.32,64.13,0.709
96145,South America,36884568.0,34599.0,34220.429,1130218.0,1183.0,1048.714,84936.573,79.673,78.802,2602.629,2.724,2.415,,,,,,,,,,,,,,,362541830.0,237134286.0,132016180.0,1911130.0,1314359.0,3713520.0,83.48,54.61,30.4,0.44,8551.0,,434260138.0,,,,,,,,,,,,,,
96740,South Korea,253445.0,2024.0,1715.143,2292.0,7.0,7.857,4939.949,39.45,33.43,44.674,0.136,0.153,0.96,,,,,60600.0,12343477.0,240.589,1.181,40939.0,0.798,0.042,23.9,people tested,43826835.0,29280843.0,15751140.0,,762059.0,765589.0,85.42,57.07,30.7,,14922.0,50.93,51305184.0,527.967,43.4,13.914,8.622,35938.374,0.2,85.998,6.8,6.2,40.9,,12.27,83.03,0.916
97260,South Sudan,11436.0,9.0,17.429,120.0,,,1004.799,0.791,1.531,10.544,,,0.99,,,,,,,,,,,,,,,,,,,59.0,,,,,5.0,,11381377.0,,19.2,3.441,2.032,1569.888,,280.775,10.43,,,,,57.85,0.433
97844,Spain,4855065.0,7767.0,7234.429,84340.0,194.0,116.143,103862.297,166.156,154.763,1804.249,4.15,2.485,0.77,,,,,,,,,,,,,,66130220.0,36533328.0,33376693.0,,457207.0,259607.0,141.47,78.15,71.4,,5554.0,47.69,46745211.0,93.105,45.5,19.436,13.799,34272.36,1.0,99.403,7.17,27.4,31.4,,2.97,83.56,0.904
98433,Sri Lanka,440302.0,4221.0,5928.714,9185.0,194.0,205.0,20481.729,196.35,275.789,427.263,9.024,9.536,0.98,,,,,13936.0,4975852.0,231.464,0.648,15678.0,0.729,0.378,2.6,tests performed,20126990.0,12423579.0,7703411.0,,628583.0,312857.0,93.63,57.79,35.83,,14553.0,,21497306.0,341.955,34.1,10.069,5.331,11669.077,0.7,197.093,10.68,0.3,27.0,,3.6,76.98,0.782
98977,Sudan,37709.0,1.0,8.714,2831.0,,0.429,839.669,0.022,0.194,63.038,,0.01,0.39,,,,,,,,,,,,,,,,,,,,,,,,,13.89,44909351.0,23.258,19.7,3.548,2.034,4466.507,,431.388,15.67,,,23.437,0.8,65.31,0.51
99519,Suriname,29293.0,326.0,216.714,721.0,3.0,2.429,49498.309,550.864,366.196,1218.321,5.069,4.104,1.37,,,,,,,,,,,,,,337124.0,202440.0,134684.0,,2268.0,3497.0,56.97,34.21,22.76,,5909.0,83.33,591798.0,3.612,29.6,6.933,4.229,13767.119,,258.314,12.54,7.4,42.9,67.779,3.1,71.68,0.738
100103,Sweden,1126813.0,3400.0,1065.0,14692.0,7.0,3.143,110905.056,334.64,104.821,1446.04,0.689,0.309,1.24,,,,,,,,,,,,,,12598988.0,6894288.0,5703510.0,,,67335.0,124.0,67.86,56.14,,6627.0,,10160159.0,24.718,41.0,19.985,13.433,46949.283,0.5,133.982,4.79,18.8,18.9,,2.22,82.8,0.945
100663,Switzerland,779666.0,2704.0,2526.857,10899.0,4.0,6.571,89457.465,310.252,289.927,1250.532,0.459,0.754,1.03,264.0,30.291,876.0,100.511,31736.0,9374962.0,1075.666,3.641,28479.0,3.268,0.102,9.8,tests performed,9615905.0,4981785.0,4454717.0,,23714.0,22491.0,110.33,57.16,51.11,,2581.0,44.44,8715494.0,214.243,43.1,18.436,12.644,57410.166,,99.739,5.59,22.6,28.9,,4.53,83.78,0.955
101197,Syria,27915.0,136.0,114.286,2013.0,6.0,4.571,1527.438,7.442,6.253,110.146,0.328,0.25,1.28,,,,,,,,,,,,,,,,,,,,,,,,,28.7,18275704.0,,21.7,,2.577,,,376.264,,,,70.598,1.5,72.7,0.567
101797,Taiwan,15995.0,4.0,8.143,835.0,1.0,0.857,670.509,0.168,0.341,35.003,0.042,0.036,0.82,,,,,28180.0,2717978.0,113.937,1.181,22481.0,0.942,,2760.8,people tested,10958966.0,10038004.0,920962.0,,30246.0,79178.0,45.94,42.08,3.86,,3319.0,,23855008.0,,42.2,,8.353,,,103.957,,,,,,80.46,
102291,Tajikistan,17252.0,35.0,41.429,125.0,,,1769.504,3.59,4.249,12.821,,,0.64,,,,,,,,,,,,,,2808056.0,2009748.0,798308.0,,,69039.0,28.8,20.61,8.19,,7081.0,,9749625.0,64.281,23.3,3.466,2.155,2896.913,4.8,427.698,7.11,,,72.704,4.8,71.1,0.668
102831,Tanzania,1367.0,,,50.0,,,22.228,,,0.813,,,,,,,,,,,,,,,,,,,,,,,,,,,,11.11,61498438.0,64.699,17.7,3.108,1.874,2683.304,49.1,217.288,5.75,3.3,26.7,47.953,0.7,65.46,0.529
103443,Thailand,1204729.0,14666.0,17254.0,11589.0,190.0,257.286,17222.508,209.662,246.659,165.673,2.716,3.678,0.9,,,,,,,,,,,,,,,,,,,,,,,,,55.09,69950844.0,135.132,40.1,11.373,6.89,16277.671,0.1,109.861,7.04,1.9,38.8,90.67,2.1,77.15,0.777
103977,Timor,16682.0,167.0,249.571,67.0,3.0,2.286,12413.357,124.268,185.71,49.856,2.232,1.701,0.97,,,,,,184871.0,137.566,,1224.0,0.911,0.204,4.9,tests performed,588299.0,389989.0,198310.0,,,4502.0,43.78,29.02,14.76,,3350.0,,1343875.0,87.176,18.0,3.556,1.897,6570.102,30.3,335.346,6.86,6.3,78.1,28.178,5.9,69.5,0.606
104529,Togo,21261.0,,185.429,185.0,,1.429,2507.713,,21.871,21.821,,0.168,1.21,,,,,2280.0,463791.0,54.704,0.269,2079.0,0.245,0.089,11.2,tests performed,,,,,,7276.0,,,,,858.0,,8478242.0,143.366,19.4,2.839,1.525,1429.813,49.2,280.033,6.15,0.9,14.2,10.475,0.7,61.04,0.515
104726,Tonga,,,,,,,,,,,,,,,,,,,,,,,,,,,68404.0,41130.0,27274.0,,,1723.0,64.07,38.53,25.55,,16139.0,,106759.0,150.028,22.3,5.82,4.032,5425.621,,227.49,15.42,11.8,44.4,,2.6,70.91,0.725
105262,Trinidad and Tobago,44847.0,241.0,214.714,1291.0,6.0,6.714,31956.556,171.729,152.999,919.926,4.275,4.784,0.95,,,,,735.0,308402.0,219.758,0.524,755.0,0.538,0.284,3.5,people tested,908632.0,509516.0,399116.0,,6213.0,6437.0,64.75,36.31,28.44,,4587.0,79.63,1403374.0,266.886,36.2,10.014,5.819,28763.071,,228.467,10.97,,,89.443,3.0,73.51,0.796
105814,Tunisia,664034.0,1282.0,2851.714,23451.0,21.0,105.286,55633.975,107.408,238.922,1964.767,1.759,8.821,0.94,,,,,13691.0,2605268.0,218.274,1.147,17148.0,1.437,0.166,6.0,people tested,,,,,,93541.0,,,,,7837.0,79.63,11935764.0,74.228,32.7,8.001,5.075,10849.297,2.0,318.991,8.52,1.1,65.8,78.687,2.3,76.7,0.74
106359,Turkey,6388301.0,21893.0,19231.429,56710.0,252.0,245.0,75118.714,257.435,226.138,666.841,2.963,2.881,0.8,,,,,297167.0,76397175.0,898.339,3.494,292351.0,3.438,0.066,15.2,tests performed,94167554.0,48271065.0,37089601.0,8806888.0,849216.0,537402.0,110.73,56.76,43.61,10.36,6319.0,32.41,85042736.0,104.914,31.6,8.153,5.061,25129.341,0.2,171.285,12.13,14.1,41.1,,2.81,77.69,0.82
106600,Turks and Caicos Islands,,,,,,,,,,,,,,,,,,,,,,,,,,,,,,,,84.0,,,,,2141.0,,39226.0,37.312,,,,,,,,,,,,80.22,
107254,Uganda,119915.0,90.0,145.0,3012.0,6.0,7.143,2544.695,1.91,3.077,63.917,0.127,0.152,0.18,,,,,2977.0,1586275.0,33.662,0.063,3548.0,0.075,0.041,24.5,samples tested,,,,,,8133.0,,,,,173.0,,47123533.0,213.759,16.4,2.168,1.308,1697.707,41.6,213.333,2.5,3.4,16.7,21.222,0.5,63.37,0.544
107807,Ukraine,2384564.0,1795.0,1994.286,57004.0,70.0,61.571,54859.405,41.296,45.881,1311.437,1.61,1.417,1.19,,,,,21358.0,11980323.0,275.62,0.491,19717.0,0.454,0.101,9.9,tests performed,9239171.0,5413770.0,3825401.0,,157049.0,134139.0,21.26,12.45,8.8,,3086.0,50.93,43466822.0,77.39,41.4,16.462,11.133,7894.393,0.1,539.849,7.11,13.5,47.4,,8.8,72.06,0.779
108394,United Arab Emirates,718370.0,996.0,991.714,2041.0,2.0,2.143,71901.114,99.689,99.26,204.282,0.2,0.214,0.93,,,,,329146.0,74776361.0,7484.31,32.944,321605.0,32.189,0.003,324.3,tests performed,18158991.0,,,,63831.0,54591.0,181.75,,,,5464.0,46.3,9991083.0,112.442,34.0,1.144,0.526,67293.483,,317.84,17.26,1.2,37.4,,1.2,77.97,0.89
108979,United Kingdom,6821356.0,32167.0,33596.429,132859.0,51.0,97.857,100009.451,471.608,492.565,1947.876,0.748,1.435,1.04,1014.0,14.866,7647.0,112.114,911533.0,243909849.0,3576.018,13.364,820069.0,12.023,0.041,24.4,tests performed,90997895.0,48087908.0,42909987.0,,159301.0,161804.0,133.41,70.5,62.91,,2372.0,43.98,68207114.0,272.898,40.8,18.517,12.527,39753.244,0.2,122.137,4.28,20.0,24.7,,2.54,81.32,0.932
109573,United States,39198131.0,140705.0,160457.429,640189.0,1332.0,1311.429,117742.133,422.645,481.977,1922.98,4.001,3.939,1.1,25869.0,77.705,98892.0,297.049,,,,,,,,,,370212027.0,205026070.0,174121529.0,,655116.0,899462.0,110.08,60.96,51.77,,2674.0,,332915074.0,35.608,38.3,15.413,9.732,54225.446,1.2,151.089,10.79,19.1,24.6,,2.77,78.86,0.926
110116,Uruguay,384934.0,156.0,92.429,6032.0,3.0,1.714,110449.702,44.761,26.521,1730.771,0.861,0.492,1.11,,,,,9732.0,3325594.0,954.218,2.792,6151.0,1.765,0.015,66.5,tests performed,5587408.0,2665770.0,2508312.0,413326.0,48956.0,29382.0,160.32,76.49,71.97,11.86,8431.0,52.78,3485152.0,19.751,35.6,14.655,10.361,20551.409,0.1,160.708,6.93,14.0,19.9,,2.8,77.91,0.817
110657,Uzbekistan,156394.0,755.0,815.857,1082.0,7.0,6.714,4608.53,22.248,24.041,31.884,0.206,0.198,0.94,,,,,,,,,,,,,,,,,,,,,,,,,,33935765.0,76.134,28.2,4.469,2.873,6253.104,,724.417,7.57,1.3,24.7,,4.0,71.72,0.72
110958,Vanuatu,4.0,,,1.0,,,12.72,,,3.18,,,,,,,,,,,,,,,,,,,,,,,,,,,,22.22,314464.0,22.662,23.1,4.394,2.62,2921.909,13.2,546.3,12.02,2.8,34.5,25.209,,70.47,0.609
111508,Vatican,27.0,,,,,,33251.232,,,,,,,,,,,,,,,,,,,,,,,,,,,,,,,,812.0,,,,,,,,,,,,,75.12,
112050,Venezuela,334343.0,,984.714,4010.0,,12.286,11647.574,,34.305,139.697,,0.428,1.01,,,,,,,,,,,,,,,,,,,,,,,,,,28704947.0,36.253,29.0,6.614,3.915,16745.022,,204.85,6.47,,,,0.8,72.06,0.711
112643,Vietnam,462096.0,12607.0,13261.286,11064.0,,292.857,4707.156,128.422,135.087,112.704,,2.983,1.1,,,,,,14332918.0,146.003,,188013.0,1.915,0.071,14.2,samples tested,19966724.0,17347538.0,2619186.0,,256164.0,267322.0,20.34,17.67,2.67,,2723.0,72.69,98168829.0,308.127,32.6,7.15,4.718,6171.884,2.0,245.465,6.0,1.0,45.9,85.847,2.6,75.4,0.704
112811,Wallis and Futuna,,,,,,,,,,,,,,,,,,,,,,,,,,,9801.0,4952.0,4849.0,,,16.0,88.35,44.64,43.71,,1442.0,,11094.0,,,,,,,,,,,,,79.94,
113399,World,217708315.0,588450.0,643144.571,4519436.0,9014.0,9536.0,27645.621,74.724,81.67,573.899,1.145,1.211,0.97,,,,,,,,,,,,,,5341875910.0,3123788634.0,2133107450.0,15394915.0,38415343.0,41243835.0,67.83,39.67,27.09,0.2,5237.0,,7874965732.0,58.045,30.9,8.696,5.355,15469.207,10.0,233.07,8.51,6.434,34.635,60.13,2.705,72.58,0.737
113914,Yemen,7869.0,40.0,41.286,1472.0,3.0,6.857,258.079,1.312,1.354,48.277,0.098,0.225,1.31,,,,,,,,,,,,,,,,,,,,,,,,,,30490639.0,53.508,20.3,2.922,1.583,1479.147,18.8,495.003,5.35,7.6,29.2,49.542,0.7,66.12,0.47
114452,Zambia,206327.0,182.0,192.857,3602.0,3.0,2.714,10904.854,9.619,10.193,190.374,0.159,0.143,0.72,,,,,7154.0,2275267.0,120.253,0.378,5957.0,0.315,0.032,30.9,tests performed,,,,,,3268.0,,,,,173.0,43.52,18920657.0,22.995,17.7,2.48,1.542,3689.251,57.5,234.499,3.94,3.1,24.7,13.938,2.0,63.89,0.584
114988,Zimbabwe,124773.0,192.0,207.571,4419.0,3.0,14.143,8267.399,12.722,13.754,292.801,0.199,0.937,0.58,,,,,5423.0,1138083.0,75.409,0.359,4434.0,0.294,0.047,21.4,tests performed,4219824.0,2582405.0,1637419.0,,47167.0,47200.0,27.96,17.11,10.85,,3127.0,78.7,15092171.0,42.729,19.6,2.822,1.882,1899.775,21.4,307.846,1.82,1.6,30.7,36.791,1.7,61.49,0.571
