location,total_cases,total_deaths,total_cases_per_million,total_deaths_per_million,reproduction_rate,total_vaccinations,people_vaccinated,people_fully_vaccinated,total_vaccinations_per_hundred,people_vaccinated_per_hundred,people_fully_vaccinated_per_hundred,population,population_density,median_age,aged_65_older,aged_70_older,gdp_per_capita,extreme_poverty,cardiovasc_death_rate,diabetes_prevalence,female_smokers,male_smokers,handwashing_facilities,hospital_beds_per_thousand,life_expectancy,human_development_index
Afghanistan,153220.0,7118.0,3846.325,178.685,0.63,1979652.0,773002.0,,4.97,1.94,,39835428.0,54.422,18.6,2.581,1.337,1803.987,,597.029,9.59,,,37.746,0.5,64.83,0.511
Africa,7790394.0,196278.0,5671.985,142.905,,103848842.0,68875046.0,38421883.0,7.56,5.01,2.8,1373486472.0,,,,,,,,,,,,,,
Albania,146387.0,2498.0,50953.833,869.494,1.28,1472316.0,830396.0,641920.0,51.25,28.9,22.34,2872934.0,104.871,38.0,13.188,8.643,11803.431,1.1,304.195,10.08,7.1,51.2,,2.89,78.57,0.795
Algeria,196080.0,5269.0,4394.774,118.095,0.79,,,,,,,44616626.0,17.348,29.1,6.211,3.857,13913.839,0.5,278.364,6.73,0.7,30.4,83.741,1.9,76.88,0.748
Andorra,15033.0,130.0,194340.306,1680.585,0.71,,,,,,,77354.0,163.755,,,,,,109.135,7.97,29.0,37.8,,,83.73,0.868
Angola,47544.0,1217.0,1401.089,35.864,1.08,,,,,,,33933611.0,23.89,16.8,2.405,1.362,5819.495,,276.045,3.94,,,26.664,,61.15,0.581
Antigua and Barbuda,1715.0,44.0,17370.959,445.669,1.3,75069.0,41061.0,34008.0,76.04,41.59,34.45,98728.0,231.845,32.1,6.933,4.631,21490.943,,191.511,13.17,,,,3.8,77.02,0.778
Argentina,5185620.0,111812.0,113705.217,2451.704,0.76,42260571.0,27873340.0,14387231.0,92.66,61.12,31.55,45605823.0,16.177,31.9,11.198,7.441,18933.907,0.6,191.032,5.5,16.2,27.7,,5.0,76.67,0.845
Armenia,242135.0,4844.0,81578.355,1632.005,1.1,,,,,,,2968128.0,102.931,35.7,11.232,7.571,8787.58,1.8,341.01,7.11,1.5,52.1,94.043,4.2,75.09,0.776
Australia,55093.0,1012.0,2136.363,39.243,1.39,19362666.0,12192256.0,7170410.0,75.08,47.28,27.8,25788217.0,3.202,37.9,15.504,10.129,44648.71,0.5,107.791,5.07,13.0,16.5,,3.84,83.44,0.944
Austria,688305.0,10772.0,76114.068,1191.188,1.18,10462919.0,5508966.0,5210007.0,115.7,60.92,57.61,9043072.0,106.749,44.4,19.202,13.748,45436.686,0.7,145.183,6.35,28.4,30.9,,7.37,81.54,0.922
Azerbaijan,424891.0,5636.0,41560.863,551.287,1.07,6805740.0,4113716.0,2692024.0,66.57,40.24,26.33,10223344.0,119.309,32.4,6.018,3.871,15847.419,,559.812,7.11,0.3,42.5,83.241,4.7,73.0,0.756
Bahamas,18139.0,354.0,45700.076,891.881,1.19,,,,,,,396914.0,39.497,34.3,8.996,5.2,27717.847,,235.954,13.17,3.1,20.4,,2.9,73.92,0.814
Bahrain,272540.0,1388.0,155889.023,793.916,0.95,2489109.0,1146939.0,1088446.0,142.37,65.6,62.26,1748295.0,1935.907,32.4,2.372,1.387,43290.705,,151.689,16.52,5.8,37.6,,2.0,77.29,0.852
Bangladesh,1500618.0,26195.0,9023.37,157.513,0.65,26471819.0,18580195.0,7891624.0,15.92,11.17,4.75,166303494.0,1265.036,27.5,5.098,3.262,3523.984,14.8,298.003,8.38,1.0,44.7,34.808,0.8,72.59,0.632
Barbados,5032.0,50.0,17489.955,173.787,1.46,,,,,,,287708.0,664.463,39.8,14.952,9.473,16978.068,,170.05,13.57,1.9,14.5,88.469,5.8,79.19,0.814
Belarus,481532.0,3780.0,50994.258,400.302,1.15,,,,,,,9442867.0,46.858,40.3,14.799,9.788,17167.967,,443.129,5.18,10.5,46.1,,11.0,74.79,0.823
Belgium,1184664.0,25380.0,101842.33,2181.849,1.09,16212621.0,8428863.0,8141780.0,139.38,72.46,69.99,11632334.0,375.564,41.8,18.571,12.849,42658.576,0.2,114.898,4.29,25.1,31.4,,5.64,81.63,0.931
Belize,16353.0,362.0,40386.254,894.015,1.27,,,,,,,404915.0,16.426,25.0,3.853,2.279,7824.362,,176.957,17.11,,,90.083,1.3,74.62,0.716
Benin,13366.0,128.0,1073.485,10.28,0.3,,,,,,,12451031.0,99.11,18.8,3.244,1.942,2064.236,49.6,235.848,0.99,0.6,12.3,11.035,0.5,61.77,0.545
Bhutan,2596.0,3.0,3328.632,3.847,0.49,,,,,,,779900.0,21.188,28.6,4.885,2.977,8708.597,1.5,217.066,9.75,,,79.807,1.7,71.78,0.654
Bolivia,490879.0,18452.0,41484.125,1559.376,0.87,6019660.0,4014955.0,2766347.0,50.87,33.93,23.38,11832936.0,10.202,25.4,6.704,4.393,6885.829,7.1,204.299,6.89,,,25.383,1.1,71.51,0.718
Bosnia and Herzegovina,213853.0,9803.0,65529.55,3003.868,1.5,,,,,,,3263459.0,68.496,42.5,16.569,10.711,11713.895,0.2,329.635,10.08,30.2,47.7,97.164,3.5,77.4,0.78
Botswana,156927.0,2261.0,65461.531,943.168,1.17,,,,,,,2397240.0,4.044,25.8,3.941,2.242,15807.374,,237.372,4.81,5.7,34.4,,1.8,69.59,0.735
Brazil,20776870.0,580413.0,97091.153,2712.293,0.88,,,,,,,213993441.0,25.04,33.5,8.552,5.06,14103.452,3.4,177.961,8.11,10.1,17.9,,2.2,75.88,0.765
Brunei,2712.0,9.0,6142.25,20.384,1.28,327825.0,231613.0,96212.0,74.25,52.46,21.79,441532.0,81.347,32.4,4.591,2.382,71809.251,,201.285,12.79,2.0,30.9,,2.7,75.86,0.838
Bulgaria,455742.0,18896.0,66081.6,2739.879,1.16,2312605.0,,1172184.0,33.53,,17.0,6896655.0,65.18,44.7,20.801,13.272,18563.307,1.5,424.688,5.81,30.1,44.4,,7.454,75.05,0.816
Burkina Faso,13777.0,171.0,640.877,7.955,1.18,108799.0,108799.0,13273.0,0.51,0.51,0.06,21497097.0,70.151,17.6,2.409,1.358,1703.102,43.7,269.048,2.42,1.6,23.9,11.877,0.4,61.58,0.452
Burundi,11994.0,38.0,978.668,3.101,1.18,,,,,,,12255429.0,423.062,17.5,2.562,1.504,702.225,71.7,293.068,6.05,,,6.144,0.8,61.58,0.433
Cambodia,93055.0,1903.0,5491.122,112.295,0.92,19085923.0,10801691.0,8525970.0,112.62,63.74,50.31,16946446.0,90.672,25.6,4.412,2.385,3645.07,,270.892,4.0,2.0,33.7,66.229,0.8,69.82,0.594
Cameroon,83425.0,1350.0,3064.362,49.588,0.17,,,,,,,27224262.0,50.885,18.8,3.165,1.919,3364.926,23.8,244.661,7.2,,,2.735,1.3,59.29,0.563
Canada,1507092.0,26989.0,39589.562,708.97,1.25,53343798.0,27928378.0,25415420.0,140.13,73.36,66.76,38067913.0,4.037,41.4,16.984,10.797,44017.591,0.5,105.599,7.37,12.0,16.6,,2.5,82.43,0.929
Cape Verde,35354.0,313.0,62918.557,557.038,1.2,309001.0,236158.0,72843.0,54.99,42.03,12.96,561901.0,135.58,25.7,4.46,3.437,6222.554,,182.219,2.42,2.1,16.5,,2.1,72.98,0.665
Central African Republic,11296.0,100.0,2295.941,20.325,0.09,,,,,,,4919987.0,7.479,18.3,3.655,2.251,661.24,,435.727,6.1,,,16.603,1.0,53.28,0.397
Chad,4992.0,174.0,295.123,10.287,1.09,,,,,,,16914985.0,11.833,16.7,2.486,1.446,1768.153,38.4,280.995,6.1,,,5.818,,54.24,0.398
Chile,1638675.0,36937.0,85292.74,1922.564,0.83,29039559.0,14425613.0,13661790.0,151.15,75.09,71.11,19212362.0,24.282,35.4,11.087,6.938,22767.037,1.3,127.993,8.46,34.2,41.5,,2.11,80.18,0.851
China,94961.0,4636.0,65.753,3.21,0.77,2067589000.0,,,143.16,,,1444216102.0,147.674,38.7,10.641,5.929,15308.712,0.7,261.899,9.74,1.9,48.4,,4.34,76.91,0.761
Colombia,4909086.0,124945.0,95757.446,2437.198,0.74,35546165.0,23600147.0,14722990.0,69.34,46.03,28.72,51265841.0,44.223,32.2,7.646,4.312,13254.949,4.5,124.24,7.44,4.7,13.5,65.386,1.71,77.29,0.767
Comoros,4068.0,147.0,4578.73,165.456,0.81,,,,,,,888456.0,437.352,20.4,2.963,1.726,1413.89,18.1,261.516,11.88,4.4,23.6,15.574,2.2,64.32,0.554
Congo,13588.0,183.0,2401.973,32.349,0.67,,,,,,,5657017.0,15.405,19.0,3.402,2.063,4881.406,37.0,344.094,7.2,1.7,52.3,47.964,,64.57,0.574
Costa Rica,463726.0,5506.0,90235.691,1071.404,1.19,,,,,,,5139053.0,96.079,33.6,9.468,5.694,15524.995,1.3,137.973,8.78,6.4,17.4,83.841,1.13,80.28,0.81
Cote d'Ivoire,55669.0,441.0,2057.728,16.301,1.21,1353553.0,1353553.0,,5.0,5.0,,27053629.0,76.399,18.7,2.933,1.582,3601.006,28.2,303.74,2.42,,,19.351,,57.78,0.538
Croatia,373998.0,8334.0,91628.963,2041.818,1.3,,,,,,,4081657.0,73.726,44.0,19.724,13.053,22669.797,0.7,253.782,5.59,34.3,39.9,,5.54,78.49,0.851
Cuba,652855.0,5303.0,57685.453,468.566,0.86,14115595.0,5552931.0,3916641.0,124.72,49.07,34.61,11317498.0,110.408,43.1,14.738,9.719,,,190.968,8.27,17.1,53.3,85.198,5.2,78.8,0.783
Cyprus,113875.0,503.0,128236.891,566.438,0.84,,,,,,,888005.0,127.657,37.3,13.416,8.563,32415.132,,141.171,9.24,19.6,52.7,,3.4,80.98,0.887
Czechia,1679189.0,30404.0,156574.265,2834.99,1.13,11480189.0,5948434.0,5733175.0,107.05,55.47,53.46,10724553.0,137.176,43.3,19.027,11.58,32605.906,,227.485,6.82,30.5,38.3,,6.63,79.38,0.9
Democratic Republic of Congo,54863.0,1059.0,593.897,11.464,0.94,97818.0,83081.0,14737.0,0.11,0.09,0.02,92377986.0,35.879,17.0,3.02,1.745,808.133,77.1,318.949,6.1,,,4.472,,60.68,0.48
Denmark,347028.0,2586.0,59695.505,444.842,0.85,8573813.0,4408373.0,4209909.0,147.49,75.83,72.42,5813302.0,136.52,42.3,19.677,12.325,46682.515,0.2,114.767,6.41,19.3,18.8,,2.5,80.9,0.94
Djibouti,11750.0,157.0,11724.242,156.656,1.44,,,,,,,1002197.0,41.285,25.4,4.213,2.38,2705.406,22.5,258.037,6.05,1.7,24.5,,1.4,67.11,0.524
Dominica,1638.0,4.0,22695.782,55.423,0.52,,,,,,,72172.0,98.567,,,,9673.367,,227.376,11.62,,,,3.8,75.0,0.742
Dominican Republic,350173.0,4008.0,31968.426,365.903,1.01,11152044.0,5815574.0,4658577.0,101.81,53.09,42.53,10953714.0,222.873,27.6,6.981,4.419,14600.861,1.6,266.653,8.2,8.5,19.1,55.182,1.6,74.08,0.756
Ecuador,501201.0,32244.0,28018.097,1802.501,0.56,19512448.0,10699102.0,8813346.0,109.08,59.81,49.27,17888474.0,66.939,28.1,7.104,4.458,10581.936,3.6,140.448,5.55,2.0,12.3,80.635,1.5,77.01,0.759
Egypt,288441.0,16736.0,2766.599,160.524,1.38,,,,,,,104258327.0,97.999,25.3,5.159,2.891,10550.206,1.3,525.432,17.31,0.2,50.1,89.827,1.6,71.99,0.707
El Salvador,94060.0,2918.0,14429.7,447.649,0.93,6298361.0,3539933.0,2758428.0,96.62,54.31,42.32,6518500.0,307.811,27.6,8.273,5.417,7292.458,2.2,167.295,8.87,2.5,18.8,90.65,1.3,73.32,0.673
Equatorial Guinea,9477.0,126.0,6536.353,86.903,1.35,,,,,,,1449891.0,45.194,22.4,2.846,1.752,22604.873,,202.812,7.78,,,24.64,2.1,58.74,0.592
Eritrea,6642.0,38.0,1844.251,10.551,0.73,,,,,,,3601462.0,44.304,19.3,3.607,2.171,1510.459,,311.11,6.05,0.2,11.4,,0.7,66.32,0.459
Estonia,141956.0,1292.0,107121.405,974.956,1.11,1273304.0,727739.0,545565.0,96.08,54.92,41.17,1325188.0,31.033,42.7,19.452,13.491,29481.252,0.5,255.569,4.02,24.5,39.3,,4.69,78.74,0.892
Eswatini,43371.0,1101.0,36994.325,939.124,0.58,,,,,,,1172369.0,79.492,21.5,3.163,1.845,7738.975,,333.436,3.94,1.7,16.5,24.097,2.1,60.19,0.611
Ethiopia,308134.0,4675.0,2614.047,39.66,1.06,2451950.0,2451950.0,,2.08,2.08,,117876226.0,104.957,19.8,3.526,2.063,1729.927,26.7,182.634,7.47,0.4,8.5,7.96,0.3,66.6,0.485
Fiji,46716.0,496.0,51740.006,549.342,0.78,825552.0,558944.0,266608.0,91.43,61.91,29.53,902899.0,49.562,28.6,6.224,3.284,8702.975,1.4,412.82,14.49,10.2,34.8,,2.3,67.44,0.743
Finland,127182.0,1029.0,22922.445,185.46,0.92,6827041.0,4022419.0,2804622.0,123.05,72.5,50.55,5548361.0,18.136,42.8,21.228,13.264,40585.721,,153.507,5.76,18.3,22.6,,3.28,81.91,0.938
France,6835022.0,114926.0,101163.291,1700.988,0.85,87942291.0,48573962.0,40376534.0,130.16,71.89,59.76,67564251.0,122.578,42.0,19.718,13.079,38605.671,,86.06,4.77,30.1,35.6,,5.98,82.66,0.901
Gabon,25888.0,166.0,11360.221,72.844,1.18,,,,,,,2278829.0,7.859,23.1,4.45,2.976,16562.413,3.4,259.967,7.2,,,,6.3,66.47,0.703
Gambia,9698.0,319.0,3899.576,128.27,0.85,,,,,,,2486937.0,207.566,17.5,2.339,1.417,1561.767,10.1,331.43,1.91,0.7,31.2,7.876,1.1,62.05,0.496
Georgia,549811.0,7408.0,138151.347,1861.413,0.84,1210746.0,802083.0,408663.0,30.42,20.15,10.27,3979773.0,65.032,38.7,14.864,10.244,9745.079,4.2,496.218,7.11,5.3,55.5,,2.6,73.77,0.812
Germany,3965681.0,92229.0,47266.493,1099.267,1.33,101942492.0,54331242.0,50469036.0,121.5,64.76,60.15,83900471.0,237.016,46.6,21.453,15.957,45229.245,,156.139,8.31,28.2,33.1,,8.0,81.33,0.947
Ghana,119436.0,1036.0,3763.882,32.648,1.19,,,,,,,31732128.0,126.719,21.1,3.385,1.948,4227.63,12.0,298.245,4.97,0.3,7.7,41.047,0.9,64.07,0.611
Greece,587964.0,13622.0,56694.47,1313.502,0.93,11408609.0,6056183.0,5738106.0,110.01,58.4,55.33,10370747.0,83.479,45.3,20.396,14.524,24574.382,1.5,175.695,4.55,35.3,52.0,,4.21,82.24,0.888
Grenada,461.0,2.0,4079.105,17.697,3.51,,,,,,,113015.0,317.132,29.4,7.304,5.021,13593.877,,243.964,10.71,,,,3.7,72.4,0.779
Guatemala,470277.0,11926.0,25768.789,653.484,1.02,4607145.0,3352959.0,1254186.0,25.24,18.37,6.87,18249868.0,157.834,22.9,4.694,3.016,7423.808,8.7,155.898,10.18,,,76.665,0.6,74.3,0.663
Guinea,29501.0,337.0,2185.707,24.968,1.08,1223951.0,831183.0,392768.0,9.07,6.16,2.91,13497237.0,51.755,19.0,3.135,1.733,1998.926,35.3,336.717,2.42,,,17.45,0.3,61.6,0.477
Guinea-Bissau,5799.0,119.0,2877.216,59.043,0.97,,,,,,,2015490.0,66.191,19.4,3.002,1.565,1548.675,67.1,382.474,2.42,,,6.403,,58.32,0.48
Guyana,25548.0,622.0,32325.778,787.014,1.22,474491.0,313469.0,161022.0,60.04,39.66,20.37,790329.0,3.952,26.3,5.305,2.837,7435.047,,373.159,11.62,,,77.159,1.6,69.91,0.682
Haiti,20896.0,586.0,1810.481,50.772,1.04,35741.0,29332.0,6750.0,0.31,0.25,0.06,11541683.0,398.448,24.3,4.8,2.954,1653.173,23.5,430.548,6.65,2.9,23.1,22.863,0.7,64.0,0.51
Honduras,338757.0,8850.0,33663.639,879.46,1.07,,,,,,,10062994.0,82.805,24.9,4.652,2.883,4541.795,16.0,240.208,7.21,2.0,,84.169,0.7,75.27,0.634
Hong Kong,12112.0,212.0,1603.644,28.069,,7588397.0,4140055.0,3448342.0,100.47,54.81,45.66,7552800.0,7039.714,44.8,16.303,10.158,56054.92,,,8.33,,,,,84.86,0.949
Hungary,812337.0,30058.0,84318.387,3119.939,1.62,11603140.0,5772010.0,,120.44,59.91,,9634162.0,108.043,43.4,18.577,11.976,26777.561,0.5,278.296,7.55,26.8,34.8,,7.02,76.88,0.854
Iceland,10789.0,33.0,31421.831,96.109,0.84,527448.0,279365.0,263695.0,153.61,81.36,76.8,343360.0,3.404,37.3,14.431,9.207,46482.958,0.2,117.992,5.31,14.3,15.2,,2.91,82.99,0.949
India,32810845.0,439020.0,23547.174,315.069,1.07,644799225.0,497002083.0,147797142.0,46.27,35.67,10.61,1393409033.0,450.419,28.2,5.989,3.414,6426.674,21.2,282.28,10.39,1.9,20.6,59.55,0.53,69.66,0.645
Indonesia,4089801.0,133023.0,14798.721,481.336,0.62,98966499.0,63111288.0,35855211.0,35.81,22.84,12.97,276361788.0,145.725,29.3,5.319,3.053,11188.744,5.7,342.864,6.32,2.8,76.1,64.204,1.04,71.72,0.718
Iran,4992063.0,107794.0,58710.288,1267.736,0.84,,,,,,,85028760.0,49.831,32.4,5.44,3.182,19082.62,0.2,270.308,9.59,0.8,21.1,,1.5,76.68,0.783
Iraq,1888150.0,20830.0,45851.864,505.836,0.9,,,,,,,41179351.0,88.125,20.0,3.186,1.957,15663.986,2.5,218.612,8.83,,,94.576,1.4,70.6,0.674
Ireland,352447.0,5092.0,70731.244,1021.894,0.99,6836122.0,3688438.0,3380284.0,137.19,74.02,67.84,4982904.0,69.874,38.7,13.928,8.678,67335.293,0.2,126.459,3.28,23.0,25.7,,2.96,82.3,0.955
Israel,1066352.0,7043.0,121317.312,801.272,1.18,13749456.0,5987518.0,5489182.0,156.43,68.12,62.45,8789776.0,402.606,30.6,11.733,7.359,33132.32,0.5,93.32,6.74,15.4,35.4,,2.99,82.97,0.919
Italy,4539991.0,129221.0,75205.917,2140.573,0.96,77910192.0,42651328.0,36697801.0,129.06,70.65,60.79,60367471.0,205.859,47.9,23.021,16.24,35220.084,2.0,113.151,4.78,19.8,27.8,,3.18,83.51,0.892
Jamaica,68131.0,1518.0,22913.022,510.516,1.22,542888.0,402601.0,144372.0,18.26,13.54,4.86,2973462.0,266.879,31.4,9.684,6.39,8193.571,,206.537,11.28,5.3,28.6,66.425,1.7,74.47,0.734
Japan,1491514.0,16080.0,11832.642,127.568,0.9,130900617.0,72392138.0,58508479.0,103.85,57.43,46.42,126050796.0,347.778,48.2,27.049,18.493,39002.223,,79.37,5.72,11.2,33.7,,13.05,84.63,0.919
Jordan,797126.0,10411.0,77624.335,1013.826,1.02,6422943.0,3472046.0,2950897.0,62.55,33.81,28.74,10269022.0,109.285,23.2,3.81,2.361,8337.49,0.1,208.257,11.75,,,,1.4,74.53,0.729
Kazakhstan,863581.0,12655.0,45463.696,666.229,0.9,11995502.0,6629678.0,5365824.0,63.15,34.9,28.25,18994958.0,6.681,30.6,6.991,4.625,24055.588,0.1,466.792,7.11,7.0,43.1,98.999,6.7,73.6,0.825
Kenya,235863.0,4726.0,4289.533,85.95,0.83,2773239.0,1968656.0,804583.0,5.04,3.58,1.46,54985702.0,87.324,20.0,2.686,1.528,2993.028,36.8,218.637,2.92,1.2,20.4,24.651,1.4,66.7,0.601
Kosovo,144986.0,2503.0,75014.461,1295.03,1.32,825745.0,548855.0,276890.0,42.72,28.4,14.33,1932774.0,168.155,,,,9795.834,0.6,,,,,,,,
Kuwait,409860.0,2419.0,94687.532,558.847,0.61,,,,,,,4328553.0,232.128,33.7,2.345,1.114,65530.537,,132.235,15.84,2.7,37.0,,2.0,75.49,0.806
Kyrgyzstan,175734.0,2528.0,26512.492,381.392,0.67,1141442.0,685629.0,453130.0,17.22,10.34,6.84,6628347.0,32.333,26.3,4.489,2.882,3393.474,1.4,436.362,7.11,3.6,50.5,89.22,4.5,71.45,0.697
Laos,15015.0,14.0,2034.73,1.897,0.75,4238543.0,2443845.0,1794698.0,57.44,33.12,24.32,7379358.0,29.715,24.4,4.029,2.322,6397.36,22.7,368.111,4.0,7.3,51.2,49.839,1.5,67.92,0.613
Latvia,142637.0,2578.0,76401.737,1380.874,1.43,1511067.0,860975.0,763469.0,80.94,46.12,40.89,1866934.0,31.212,43.9,19.754,14.136,25063.846,0.7,350.06,4.91,25.6,51.0,,5.57,75.29,0.866
Lebanon,602266.0,8053.0,88972.162,1189.662,0.91,2457930.0,1367317.0,1090613.0,36.31,20.2,16.11,6769151.0,594.561,31.1,8.514,5.43,13367.565,,266.591,12.71,26.9,40.7,,2.9,78.93,0.744
Lesotho,14395.0,403.0,6667.232,186.655,0.4,,,,,,,2159067.0,73.562,22.2,4.506,2.647,2851.153,59.6,405.126,3.94,0.4,53.9,2.117,,54.33,0.527
Liberia,5594.0,245.0,1079.879,47.295,0.39,,,,,,,5180208.0,49.127,19.2,3.057,1.756,752.788,38.6,272.509,2.42,1.5,18.1,1.188,0.8,64.1,0.48
Libya,308972.0,4247.0,44401.856,610.329,0.88,,,,,,,6958538.0,3.623,29.0,4.424,2.816,17881.509,,341.862,10.43,,,,3.7,72.91,0.724
Liechtenstein,3273.0,59.0,85559.68,1542.322,1.1,43139.0,22922.0,20484.0,112.77,59.92,53.55,38254.0,237.012,,,,,,,7.77,,,,2.397,82.49,0.919
Lithuania,298825.0,4561.0,111093.06,1695.626,1.11,3168776.0,1659887.0,1508889.0,117.8,61.71,56.1,2689862.0,45.135,43.5,19.002,13.778,29524.265,0.7,342.989,3.67,21.3,38.0,,6.56,75.93,0.882
Luxembourg,75760.0,830.0,119342.043,1307.47,1.22,763335.0,407226.0,356109.0,120.25,64.15,56.1,634814.0,231.447,39.7,14.312,9.842,94277.965,0.2,128.275,4.42,20.9,26.0,,4.51,82.25,0.916
Madagascar,42869.0,956.0,1508.02,33.63,0.69,,,,,,,28427333.0,43.951,19.6,2.929,1.686,1416.44,77.6,405.994,3.94,,,50.54,0.2,67.04,0.528
Malawi,60494.0,2177.0,3078.938,110.802,0.58,883432.0,683640.0,410484.0,4.5,3.48,2.09,19647681.0,197.519,18.1,2.979,1.783,1095.042,71.4,227.349,3.94,4.4,24.7,8.704,1.3,64.26,0.483
Malaysia,1746254.0,16664.0,53278.118,508.418,0.98,34752340.0,19746236.0,15032301.0,106.03,60.25,45.86,32776195.0,96.254,29.9,6.293,3.407,26808.164,0.1,260.942,16.74,1.0,42.4,,1.9,76.16,0.81
Maldives,81112.0,226.0,149207.167,415.732,1.16,686956.0,384444.0,302512.0,126.37,70.72,55.65,543620.0,1454.433,30.6,4.12,2.875,15183.616,,164.905,9.19,2.1,55.0,95.803,,78.92,0.74
Mali,14889.0,539.0,713.905,25.844,1.15,,,,,,,20855724.0,15.196,16.4,2.519,1.486,2014.306,,268.024,2.42,1.6,23.0,52.232,0.1,59.31,0.434
Malta,36171.0,441.0,70294.463,857.036,0.99,797017.0,413985.0,412767.0,154.89,80.45,80.22,514564.0,1454.037,42.4,19.426,11.324,36513.323,0.2,168.711,8.83,20.9,30.2,,4.485,82.53,0.895
Marshall Islands,4.0,,67.094,,,,,,,,,59618.0,295.15,,,,3819.202,,557.793,30.53,,,82.502,2.7,73.7,0.704
Mauritania,33580.0,715.0,7032.299,149.735,0.75,,,,,,,4775110.0,4.289,20.3,3.138,1.792,3597.633,6.0,232.347,2.42,,,15.95,,64.92,0.546
Mauritius,10676.0,31.0,8383.67,24.344,1.36,,,,,,,1273428.0,622.962,37.4,10.945,5.884,20292.745,0.5,224.644,22.02,3.2,40.7,,3.4,74.99,0.804
Mexico,3352410.0,259326.0,25735.858,1990.8,0.94,85375481.0,58008815.0,34282292.0,65.54,44.53,26.32,130262220.0,66.444,29.3,6.857,4.321,17336.469,2.5,152.783,13.06,6.9,21.4,87.847,1.38,75.05,0.779
Moldova,267526.0,6401.0,66482.191,1590.696,1.2,1284162.0,,691040.0,31.91,,17.17,4024025.0,123.655,37.6,10.864,6.955,5189.972,0.2,408.502,5.72,5.9,44.6,86.979,5.8,71.9,0.75
Monaco,3201.0,33.0,80996.964,835.02,0.87,,,,,,,39520.0,19347.5,,,,,,,5.46,,,,13.8,86.75,
Mongolia,213820.0,937.0,64224.058,281.442,1.28,4333638.0,2239399.0,2094239.0,130.17,67.26,62.9,3329282.0,1.98,28.6,4.031,2.421,11840.846,0.5,460.043,4.82,5.5,46.5,71.18,7.0,69.87,0.737
Montenegro,115385.0,1724.0,183719.157,2745.0,1.02,394420.0,210591.0,183829.0,62.8,33.53,29.27,628051.0,46.28,39.1,14.762,9.395,16409.288,1.0,387.305,10.08,44.0,47.9,,3.861,76.88,0.829
Morocco,860948.0,12649.0,23054.034,338.709,0.78,33721703.0,18701155.0,15020548.0,90.3,50.08,40.22,37344787.0,80.08,29.6,6.769,4.209,7485.013,1.0,419.146,7.14,0.8,47.1,,1.1,76.68,0.686
Mozambique,146316.0,1864.0,4549.196,57.955,0.68,,,,,,,32163045.0,37.728,17.7,3.158,1.87,1136.103,62.9,329.942,3.3,5.1,29.1,12.227,0.7,60.85,0.456
Myanmar,399282.0,15389.0,7285.368,280.79,1.01,,,,,,,54806014.0,81.721,29.1,5.732,3.12,5591.597,6.4,202.104,4.61,6.3,35.2,79.287,0.9,67.13,0.583
Namibia,125046.0,3375.0,48329.87,1304.426,0.79,,,,,,,2587344.0,3.078,22.0,3.552,2.085,9541.808,13.4,243.811,3.94,9.7,34.2,44.6,,63.71,0.646
Nepal,762647.0,10750.0,25700.052,362.259,0.83,9799013.0,5339252.0,4459761.0,33.02,17.99,15.03,29674920.0,204.43,25.0,5.809,3.212,2442.804,15.0,260.797,7.26,9.5,37.8,47.782,0.3,70.78,0.602
Netherlands,1976440.0,18368.0,115089.337,1069.58,0.99,,,,,,,17173094.0,508.544,43.2,18.779,11.881,48472.545,,109.361,5.29,24.4,27.3,,3.32,82.28,0.944
New Zealand,3570.0,26.0,734.471,5.349,1.61,3502004.0,2290143.0,1211861.0,72.05,47.12,24.93,4860642.0,18.206,37.9,15.322,9.72,36085.843,,128.797,8.08,14.8,17.2,,2.61,82.29,0.931
Nicaragua,11735.0,200.0,1750.871,29.84,0.02,,,,,,,6702379.0,51.667,27.3,5.445,3.519,5321.444,3.2,137.016,11.47,,,,0.9,74.48,0.66
Niger,5849.0,199.0,232.742,7.919,1.12,,,,,,,25130810.0,16.955,15.1,2.553,1.378,926.0,44.5,238.339,2.42,0.1,15.4,8.978,0.3,62.42,0.394
Nigeria,192431.0,2469.0,910.267,11.679,1.07,4432282.0,2994933.0,1437349.0,2.1,1.42,0.68,211400704.0,209.588,18.1,2.751,1.447,5338.454,,181.013,2.42,0.6,10.8,41.949,,54.69,0.539
North Macedonia,176494.0,5938.0,84744.469,2851.16,0.92,1253612.0,722579.0,531033.0,60.19,34.69,25.5,2082661.0,82.6,39.1,13.26,8.16,13111.214,5.0,322.688,10.08,,,,4.28,75.8,0.774
Norway,160174.0,814.0,29305.685,148.931,1.38,6961714.0,3869020.0,3092694.0,127.37,70.79,56.58,5465629.0,14.462,39.7,16.821,10.813,64800.057,0.2,114.316,5.31,19.6,20.7,,3.6,82.4,0.957
Oceania,123253.0,1727.0,2851.761,39.958,,24626872.0,15642584.0,8983112.0,56.98,36.19,20.78,43219954.0,,,,,,,,,,,,,,
Oman,302300.0,4064.0,57874.447,778.041,0.72,,,,,,,5223376.0,14.98,30.7,2.355,1.53,37960.709,,266.342,12.61,0.5,15.6,97.4,1.6,77.86,0.813
Pakistan,1163688.0,25889.0,5167.355,114.96,0.99,56768446.0,43791885.0,17455249.0,25.21,19.45,7.75,225199929.0,255.573,23.5,4.495,2.78,5034.708,4.0,423.031,8.35,2.8,36.7,59.607,0.6,67.27,0.557
Palau,2.0,,110.047,,,,,,,,,18174.0,47.237,,,,13240.405,,,15.89,7.7,22.7,,4.8,73.7,0.826
Palestine,342282.0,3680.0,65536.663,704.609,1.57,1392299.0,935756.0,456543.0,26.66,17.92,8.74,5222756.0,778.202,20.4,3.043,1.726,4449.898,1.0,265.91,10.59,,,,,74.05,0.708
Panama,457487.0,7061.0,104411.351,1611.518,0.83,4359910.0,2727201.0,1632709.0,99.51,62.24,37.26,4381583.0,55.133,29.7,7.918,5.03,22267.037,2.2,128.346,8.33,2.4,9.9,,2.3,78.51,0.815
Papua New Guinea,17838.0,192.0,1956.134,21.055,0.36,,,,,,,9119005.0,18.22,22.6,3.808,2.142,3823.194,,561.494,17.65,23.5,48.8,,,64.5,0.555
Paraguay,458528.0,15767.0,63511.191,2183.904,0.67,4059098.0,2285695.0,1773403.0,56.22,31.66,24.56,7219641.0,17.144,26.5,6.378,3.833,8827.01,1.7,199.128,8.27,5.0,21.6,79.602,1.3,74.25,0.728
Peru,2149591.0,198263.0,64437.311,5943.24,0.93,18855954.0,10523443.0,8332511.0,56.52,31.55,24.98,33359415.0,25.129,29.1,7.151,4.455,12236.706,3.5,85.755,5.95,4.8,,,1.6,76.74,0.777
Philippines,1989857.0,33448.0,17919.067,301.206,1.13,33706295.0,,13958418.0,30.35,,12.57,111046910.0,351.873,25.2,4.803,2.661,7599.188,,370.437,7.07,7.8,40.8,78.463,1.0,71.23,0.718
Poland,2888670.0,75345.0,76425.907,1993.412,1.28,36286614.0,19284686.0,18787636.0,96.0,51.02,49.71,37797000.0,124.027,41.8,16.763,10.202,27216.445,,227.331,5.91,23.3,33.1,,6.62,78.73,0.88
Portugal,1037927.0,17743.0,102078.566,1744.997,0.89,14719449.0,8638934.0,7600174.0,144.76,84.96,74.75,10167923.0,112.371,46.2,21.502,14.924,27936.896,0.5,127.842,9.85,16.3,30.0,,3.39,82.05,0.864
Qatar,232744.0,602.0,79420.609,205.424,0.85,4454401.0,2323543.0,2130858.0,152.0,79.29,72.71,2930524.0,227.322,31.9,1.307,0.617,116935.6,,176.69,16.52,0.8,26.9,,1.2,80.23,0.848
Romania,1098765.0,34570.0,57443.439,1807.32,1.49,9771316.0,5246235.0,5135003.0,51.08,27.43,26.85,19127772.0,85.129,43.0,17.85,11.69,23313.199,5.7,370.946,9.74,22.9,37.1,,6.892,76.05,0.828
Russia,6820697.0,180009.0,46745.271,1233.682,0.95,80244526.0,43771190.0,36473336.0,55.0,30.0,25.0,145912022.0,8.823,39.6,14.178,9.393,24765.954,0.1,431.297,6.18,23.4,58.3,,8.05,72.58,0.824
Rwanda,87627.0,1089.0,6600.15,82.025,0.95,,,,,,,13276517.0,494.869,20.3,2.974,1.642,1854.211,56.0,191.375,4.28,4.7,21.0,4.617,,69.02,0.543
Saint Kitts and Nevis,1091.0,3.0,20375.005,56.027,1.03,,,,,,,53546.0,212.865,,,,24654.385,,,12.84,,,,2.3,76.23,0.779
Saint Lucia,8219.0,104.0,44571.342,563.988,1.43,,,,,,,184401.0,293.187,34.9,9.721,6.405,12951.839,,204.62,11.62,,,87.202,1.3,76.2,0.759
Saint Vincent and the Grenadines,2336.0,12.0,20994.167,107.847,0.97,,,,,,,111269.0,281.787,31.8,7.724,4.832,10727.146,,252.675,11.62,,,,2.6,72.53,0.738
Samoa,3.0,,14.989,,,134265.0,92319.0,41946.0,67.08,46.13,20.96,200144.0,69.413,22.0,5.606,3.564,6021.557,,348.977,9.21,16.7,38.1,,,73.32,0.715
San Marino,5331.0,90.0,156748.015,2646.281,1.01,,,,,,,34010.0,556.667,,,,56861.47,,,5.64,,,,3.8,84.97,
Sao Tome and Principe,2608.0,37.0,11676.009,165.649,1.28,,,,,,,223364.0,212.841,18.7,2.886,2.162,3052.714,32.3,270.113,2.42,,,41.34,2.9,70.39,0.625
Saudi Arabia,543318.0,8512.0,15373.728,240.856,0.39,37133188.0,22218040.0,14915148.0,105.07,62.87,42.2,35340680.0,15.322,31.9,3.295,1.845,49045.411,,259.538,17.72,1.8,25.4,,2.7,75.13,0.854
Senegal,72805.0,1765.0,4233.758,102.638,0.49,,,,,,,17196308.0,82.328,18.7,3.008,1.796,2470.58,38.0,241.219,2.42,0.4,16.6,20.859,,67.94,0.512
Serbia,762933.0,7292.0,112120.249,1071.629,1.4,,,,,,,6804596.0,80.291,41.2,17.366,,14048.881,,439.415,10.08,37.7,40.2,97.719,5.609,76.0,0.806
Seychelles,20038.0,102.0,202588.212,1031.241,0.95,,,,,,,98910.0,208.354,36.2,8.606,5.586,26382.287,1.1,242.648,10.55,7.1,35.7,,3.6,73.4,0.796
Sierra Leone,6367.0,121.0,782.058,14.862,0.71,,,,,,,8141343.0,104.7,19.1,2.538,1.285,1390.3,52.2,325.721,2.42,8.8,41.3,19.275,,54.7,0.452
Singapore,67620.0,55.0,11467.462,9.327,1.68,8890717.0,4601255.0,4434945.0,150.77,78.03,75.21,5896684.0,7915.731,42.4,12.922,7.049,85535.383,,92.243,10.99,5.2,28.3,,2.4,83.62,0.938
Slovakia,394923.0,12548.0,72320.604,2297.863,1.43,4555737.0,2383452.0,2172285.0,83.43,43.65,39.78,5460726.0,113.128,41.2,15.07,9.167,30155.152,0.7,287.959,7.29,23.1,37.7,,5.82,77.54,0.86
Slovenia,267198.0,4450.0,128539.493,2140.737,1.34,1897585.0,992573.0,905012.0,91.29,47.75,43.54,2078723.0,102.619,44.5,19.062,12.93,31400.84,,153.493,7.25,20.1,25.0,,4.5,81.32,0.917
Solomon Islands,20.0,,28.409,,,83441.0,62891.0,20550.0,11.85,8.93,2.92,703995.0,21.841,20.8,3.507,2.043,2205.923,25.1,459.78,18.68,,,35.89,1.4,73.0,0.567
Somalia,17466.0,977.0,1067.637,59.721,1.31,,,,,,,16359500.0,23.5,16.8,2.731,1.496,,,365.769,6.05,,,9.831,0.9,57.4,
South Africa,2777659.0,82261.0,46261.936,1370.058,0.83,12568525.0,9418185.0,5985293.0,20.93,15.69,9.97,60041996.0,46.754,27.3,5.344,3.053,12294.876,18.9,200.38,5.52,8.1,33.2,43.993,2.32,64.13,0.709
South Korea,253445.0,2292.0,4939.949,44.674,0.96,43826835.0,29280843.0,15751140.0,85.42,57.07,30.7,51305184.0,527.967,43.4,13.914,8.622,35938.374,0.2,85.998,6.8,6.2,40.9,,12.27,83.03,0.916
South Sudan,11436.0,120.0,1004.799,10.544,0.99,,,,,,,11381377.0,,19.2,3.441,2.032,1569.888,,280.775,10.43,,,,,57.85,0.433
Spain,4855065.0,84340.0,103862.297,1804.249,0.77,66130220.0,36533328.0,33376693.0,141.47,78.15,71.4,46745211.0,93.105,45.5,19.436,13.799,34272.36,1.0,99.403,7.17,27.4,31.4,,2.97,83.56,0.904
Sri Lanka,440302.0,9185.0,20481.729,427.263,0.98,20126990.0,12423579.0,7703411.0,93.63,57.79,35.83,21497306.0,341.955,34.1,10.069,5.331,11669.077,0.7,197.093,10.68,0.3,27.0,,3.6,76.98,0.782
Sudan,37709.0,2831.0,839.669,63.038,0.39,,,,,,,44909351.0,23.258,19.7,3.548,2.034,4466.507,,431.388,15.67,,,23.437,0.8,65.31,0.51
Suriname,29293.0,721.0,49498.309,1218.321,1.37,337124.0,202440.0,134684.0,56.97,34.21,22.76,591798.0,3.612,29.6,6.933,4.229,13767.119,,258.314,12.54,7.4,42.9,67.779,3.1,71.68,0.738
Sweden,1126813.0,14692.0,110905.056,1446.04,1.24,12598988.0,6894288.0,5703510.0,124.0,67.86,56.14,10160159.0,24.718,41.0,19.985,13.433,46949.283,0.5,133.982,4.79,18.8,18.9,,2.22,82.8,0.945
Switzerland,779666.0,10899.0,89457.465,1250.532,1.03,9615905.0,4981785.0,4454717.0,110.33,57.16,51.11,8715494.0,214.243,43.1,18.436,12.644,57410.166,,99.739,5.59,22.6,28.9,,4.53,83.78,0.955
Syria,27915.0,2013.0,1527.438,110.146,1.28,,,,,,,18275704.0,,21.7,,2.577,,,376.264,,,,70.598,1.5,72.7,0.567
Taiwan,15995.0,835.0,670.509,35.003,0.82,10958966.0,10038004.0,920962.0,45.94,42.08,3.86,23855008.0,,42.2,,8.353,,,103.957,,,,,,80.46,
Tajikistan,17252.0,125.0,1769.504,12.821,0.64,2808056.0,2009748.0,798308.0,28.8,20.61,8.19,9749625.0,64.281,23.3,3.466,2.155,2896.913,4.8,427.698,7.11,,,72.704,4.8,71.1,0.668
Tanzania,1367.0,50.0,22.228,0.813,,,,,,,,61498438.0,64.699,17.7,3.108,1.874,2683.304,49.1,217.288,5.75,3.3,26.7,47.953,0.7,65.46,0.529
Thailand,1204729.0,11589.0,17222.508,165.673,0.9,,,,,,,69950844.0,135.132,40.1,11.373,6.89,16277.671,0.1,109.861,7.04,1.9,38.8,90.67,2.1,77.15,0.777
Timor,16682.0,67.0,12413.357,49.856,0.97,588299.0,389989.0,198310.0,43.78,29.02,14.76,1343875.0,87.176,18.0,3.556,1.897,6570.102,30.3,335.346,6.86,6.3,78.1,28.178,5.9,69.5,0.606
Togo,21261.0,185.0,2507.713,21.821,1.21,,,,,,,8478242.0,143.366,19.4,2.839,1.525,1429.813,49.2,280.033,6.15,0.9,14.2,10.475,0.7,61.04,0.515
Trinidad and Tobago,44847.0,1291.0,31956.556,919.926,0.95,908632.0,509516.0,399116.0,64.75,36.31,28.44,1403374.0,266.886,36.2,10.014,5.819,28763.071,,228.467,10.97,,,89.443,3.0,73.51,0.796
Tunisia,664034.0,23451.0,55633.975,1964.767,0.94,,,,,,,11935764.0,74.228,32.7,8.001,5.075,10849.297,2.0,318.991,8.52,1.1,65.8,78.687,2.3,76.7,0.74
Turkey,6388301.0,56710.0,75118.714,666.841,0.8,94167554.0,48271065.0,37089601.0,110.73,56.76,43.61,85042736.0,104.914,31.6,8.153,5.061,25129.341,0.2,171.285,12.13,14.1,41.1,,2.81,77.69,0.82
Uganda,119915.0,3012.0,2544.695,63.917,0.18,,,,,,,47123533.0,213.759,16.4,2.168,1.308,1697.707,41.6,213.333,2.5,3.4,16.7,21.222,0.5,63.37,0.544
Ukraine,2384564.0,57004.0,54859.405,1311.437,1.19,9239171.0,5413770.0,3825401.0,21.26,12.45,8.8,43466822.0,77.39,41.4,16.462,11.133,7894.393,0.1,539.849,7.11,13.5,47.4,,8.8,72.06,0.779
United Arab Emirates,718370.0,2041.0,71901.114,204.282,0.93,18158991.0,,,181.75,,,9991083.0,112.442,34.0,1.144,0.526,67293.483,,317.84,17.26,1.2,37.4,,1.2,77.97,0.89
United Kingdom,6821356.0,132859.0,100009.451,1947.876,1.04,90997895.0,48087908.0,42909987.0,133.41,70.5,62.91,68207114.0,272.898,40.8,18.517,12.527,39753.244,0.2,122.137,4.28,20.0,24.7,,2.54,81.32,0.932
United States,39198131.0,640189.0,117742.133,1922.98,1.1,370212027.0,205026070.0,174121529.0,110.08,60.96,51.77,332915074.0,35.608,38.3,15.413,9.732,54225.446,1.2,151.089,10.79,19.1,24.6,,2.77,78.86,0.926
Uruguay,384934.0,6032.0,110449.702,1730.771,1.11,5587408.0,2665770.0,2508312.0,160.32,76.49,71.97,3485152.0,19.751,35.6,14.655,10.361,20551.409,0.1,160.708,6.93,14.0,19.9,,2.8,77.91,0.817
Uzbekistan,156394.0,1082.0,4608.53,31.884,0.94,,,,,,,33935765.0,76.134,28.2,4.469,2.873,6253.104,,724.417,7.57,1.3,24.7,,4.0,71.72,0.72
Vanuatu,4.0,1.0,12.72,3.18,,,,,,,,314464.0,22.662,23.1,4.394,2.62,2921.909,13.2,546.3,12.02,2.8,34.5,25.209,,70.47,0.609
Vatican,27.0,,33251.232,,,,,,,,,812.0,,,,,,,,,,,,,75.12,
Venezuela,334343.0,4010.0,11647.574,139.697,1.01,,,,,,,28704947.0,36.253,29.0,6.614,3.915,16745.022,,204.85,6.47,,,,0.8,72.06,0.711
Vietnam,462096.0,11064.0,4707.156,112.704,1.1,19966724.0,17347538.0,2619186.0,20.34,17.67,2.67,98168829.0,308.127,32.6,7.15,4.718,6171.884,2.0,245.465,6.0,1.0,45.9,85.847,2.6,75.4,0.704
Yemen,7869.0,1472.0,258.079,48.277,1.31,,,,,,,30490639.0,53.508,20.3,2.922,1.583,1479.147,18.8,495.003,5.35,7.6,29.2,49.542,0.7,66.12,0.47
Zambia,206327.0,3602.0,10904.854,190.374,0.72,,,,,,,18920657.0,22.995,17.7,2.48,1.542,3689.251,57.5,234.499,3.94,3.1,24.7,13.938,2.0,63.89,0.584
Zimbabwe,124773.0,4419.0,8267.399,292.801,0.58,4219824.0,2582405.0,1637419.0,27.96,17.11,10.85,15092171.0,42.729,19.6,2.822,1.882,1899.775,21.4,307.846,1.82,1.6,30.7,36.791,1.7,61.49,0.571
